init_strategy,profile,seed,generation,best_duration_s
baseline,standard,20250841,1,9.820190429687528
baseline,standard,20250841,2,9.824554443359382
baseline,standard,20250841,3,9.825866699218743
baseline,standard,20250841,4,9.825866699218743
baseline,standard,20250841,5,9.8283203125
baseline,standard,20250841,6,9.8283203125
baseline,standard,20250841,7,9.829492187500021
baseline,standard,20250841,8,9.832080078125006
baseline,standard,20250841,9,9.832080078125006
baseline,standard,20250841,10,9.833105468749993
baseline,standard,20250841,11,9.836010742187472
baseline,standard,20250841,12,9.837866210937511
baseline,standard,20250841,13,9.838201904296893
baseline,standard,20250841,14,9.84333496093751
baseline,standard,20250841,15,9.852246093749997
baseline,standard,20250841,16,9.852362060546891
baseline,standard,20250841,17,9.852362060546891
baseline,standard,20250841,18,9.853161621093754
baseline,standard,20250841,19,9.853161621093754
baseline,standard,20250841,20,9.853161621093754
baseline,standard,20250841,21,9.85388793945312
baseline,standard,20250841,22,9.85648193359377
baseline,standard,20250841,23,9.85648193359377
baseline,standard,20250841,24,9.857830810546867
baseline,standard,20250841,25,9.857830810546867
baseline,standard,20250841,26,9.857830810546867
baseline,standard,20250841,27,9.857830810546867
baseline,standard,20250841,28,9.857830810546867
baseline,standard,20250841,29,9.857830810546867
baseline,standard,20250841,30,9.857830810546867
baseline,standard,20250841,31,9.858789062500001
baseline,standard,20250841,32,9.860040283203135
baseline,standard,20250841,33,9.860040283203135
baseline,standard,20250841,34,9.860308837890631
baseline,standard,20250841,35,9.861328125
baseline,standard,20250841,36,9.864343261718757
baseline,standard,20250841,37,9.864343261718757
baseline,standard,20250841,38,9.868426513671873
baseline,standard,20250841,39,9.868426513671873
baseline,standard,20250841,40,9.868426513671873
baseline,standard,20250841,41,9.869000244140631
baseline,standard,20250841,42,9.869000244140631
baseline,standard,20250841,43,9.869000244140631
baseline,standard,20250841,44,9.869000244140631
baseline,standard,20250841,45,9.869000244140631
baseline,standard,20250841,46,9.869000244140631
baseline,standard,20250841,47,9.869000244140631
baseline,standard,20250841,48,9.869195556640639
baseline,standard,20250841,49,9.869195556640639
baseline,standard,20250841,50,9.869195556640639
baseline,standard,20250841,51,9.869305419921892
baseline,standard,20250841,52,9.870806884765628
baseline,standard,20250841,53,9.87576293945312
baseline,standard,20250841,54,9.879779052734396
baseline,standard,20250841,55,9.879779052734396
baseline,standard,20250841,56,9.88101806640625
baseline,standard,20250841,57,9.884075927734386
baseline,standard,20250841,58,9.884075927734386
baseline,standard,20250841,59,9.897692871093746
baseline,standard,20250841,60,9.908422851562491
baseline,standard,20250841,61,9.91483154296875
baseline,standard,20250841,62,9.91483154296875
baseline,standard,20250841,63,9.915692138671895
baseline,standard,20250841,64,9.915692138671895
baseline,standard,20250841,65,9.915692138671895
baseline,standard,20250841,66,9.915692138671895
baseline,standard,20250841,67,9.915692138671895
baseline,standard,20250841,68,9.915692138671895
baseline,standard,20250841,69,9.915692138671895
baseline,standard,20250841,70,9.915692138671895
baseline,standard,20250841,71,9.915692138671895
baseline,standard,20250841,72,9.915692138671895
baseline,standard,20250841,73,9.915692138671895
baseline,standard,20250841,74,9.915692138671895
baseline,standard,20250841,75,9.91689453125002
baseline,standard,20250841,76,9.919207763671864
baseline,standard,20250841,77,9.919207763671864
baseline,standard,20250841,78,9.91996459960938
baseline,standard,20250841,79,9.91996459960938
baseline,standard,20250841,80,9.91996459960938
baseline,standard,20250841,81,9.921313476562514
baseline,standard,20250841,82,9.921313476562514
baseline,standard,20250841,83,9.921313476562514
baseline,standard,20250841,84,9.92155761718752
baseline,standard,20250841,85,9.922314453124995
baseline,standard,20250841,86,9.922314453124995
baseline,standard,20250841,87,9.922314453124995
baseline,standard,20250841,88,9.922314453124995
baseline,standard,20250841,89,9.924316406250004
baseline,standard,20250841,90,9.924316406250004
baseline,standard,20250841,91,9.925109863281273
baseline,standard,20250841,92,9.925109863281273
baseline,standard,20250841,93,9.925109863281273
baseline,standard,20250841,94,9.925109863281273
baseline,standard,20250841,95,9.925872802734382
baseline,standard,20250841,96,9.92587280273439
baseline,standard,20250841,97,9.925891113281256
baseline,standard,20250841,98,9.92881469726563
baseline,standard,20250841,99,9.929718017578129
baseline,standard,20250841,100,9.949084472656256
baseline,standard,20250841,101,9.95706176757813
baseline,standard,20250841,102,9.961486816406255
baseline,standard,20250841,103,9.976528930664086
baseline,standard,20250841,104,10.001428222656262
baseline,standard,20250841,105,10.001428222656262
baseline,standard,20250841,106,10.003729248046886
baseline,standard,20250841,107,10.003729248046886
baseline,standard,20250841,108,10.003729248046886
baseline,standard,20250841,109,10.010559082031257
baseline,standard,20250841,110,10.010559082031257
baseline,standard,20250841,111,10.010559082031257
baseline,standard,20250841,112,10.010559082031257
baseline,standard,20250841,113,10.016162109375022
baseline,standard,20250841,114,10.016162109375022
baseline,standard,20250841,115,10.016162109375022
baseline,standard,20250841,116,10.017315673828143
baseline,standard,20250841,117,10.02066650390624
baseline,standard,20250841,118,10.03207397460938
baseline,standard,20250841,119,10.036132812500007
baseline,standard,20250841,120,10.044158935546887
baseline,standard,20250841,121,10.046447753906248
baseline,standard,20250841,122,10.051879882812512
baseline,standard,20250841,123,10.071777343750004
baseline,standard,20250841,124,10.083367919921878
baseline,standard,20250841,125,10.093200683593766
baseline,standard,20250841,126,10.093200683593766
baseline,standard,20250841,127,10.096026611328123
baseline,standard,20250841,128,10.096026611328123
baseline,standard,20250841,129,10.096026611328123
baseline,standard,20250841,130,10.096026611328123
baseline,standard,20250841,131,10.105871582031265
baseline,standard,20250841,132,10.11861572265626
baseline,standard,20250841,133,10.11861572265626
baseline,standard,20250841,134,10.13589477539063
baseline,standard,20250841,135,10.154974365234395
baseline,standard,20250841,136,10.154974365234395
baseline,standard,20250841,137,10.154974365234395
baseline,standard,20250841,138,10.16027832031251
baseline,standard,20250841,139,10.160406494140638
baseline,standard,20250841,140,10.168786621093751
baseline,standard,20250841,141,10.168786621093751
baseline,standard,20250841,142,10.168786621093751
baseline,standard,20250841,143,10.172540283203123
baseline,standard,20250841,144,10.18999633789063
baseline,standard,20250841,145,10.194128417968766
baseline,standard,20250841,146,10.200036621093767
baseline,standard,20250841,147,10.205480957031254
baseline,standard,20250841,148,10.205480957031254
baseline,standard,20250841,149,10.205480957031254
baseline,standard,20250841,150,10.205480957031254
baseline,standard,20250841,151,10.205480957031254
baseline,standard,20250841,152,10.205480957031254
baseline,standard,20250841,153,10.205480957031254
baseline,standard,20250841,154,10.211495971679716
baseline,standard,20250841,155,10.2197692871094
baseline,standard,20250841,156,10.2197692871094
baseline,standard,20250841,157,10.2197692871094
baseline,standard,20250841,158,10.22235717773439
baseline,standard,20250841,159,10.22235717773439
baseline,standard,20250841,160,10.22235717773439
baseline,standard,20250841,161,10.23943481445312
baseline,standard,20250841,162,10.23943481445312
baseline,standard,20250841,163,10.23943481445312
baseline,standard,20250841,164,10.23943481445312
baseline,standard,20250841,165,10.23943481445312
baseline,standard,20250841,166,10.23943481445312
baseline,standard,20250841,167,10.23943481445312
baseline,standard,20250841,168,10.24149169921876
baseline,standard,20250841,169,10.24149169921876
baseline,standard,20250841,170,10.24149169921876
baseline,standard,20250841,171,10.246057128906266
baseline,standard,20250841,172,10.246057128906266
baseline,standard,20250841,173,10.25012207031251
baseline,standard,20250841,174,10.25012207031251
baseline,standard,20250841,175,10.25012207031251
baseline,standard,20250841,176,10.25012207031251
baseline,standard,20250841,177,10.25012207031251
baseline,standard,20250841,178,10.25012207031251
baseline,standard,20250841,179,10.25012207031251
baseline,standard,20250841,180,10.250683593750022
baseline,standard,20250841,181,10.250683593750022
baseline,standard,20250841,182,10.250927734375015
baseline,standard,20250841,183,10.250927734375015
baseline,standard,20250841,184,10.25419311523437
baseline,standard,20250841,185,10.258496093750027
baseline,standard,20250841,186,10.266418457031264
baseline,standard,20250841,187,10.266418457031264
baseline,standard,20250841,188,10.276751708984392
baseline,standard,20250841,189,10.296942138671891
baseline,standard,20250841,190,10.302935791015642
baseline,standard,20250841,191,10.302935791015642
baseline,standard,20250841,192,10.311737060546873
baseline,standard,20250841,193,10.311737060546873
baseline,standard,20250841,194,10.321594238281268
baseline,standard,20250841,195,10.345001220703136
baseline,standard,20250841,196,10.345001220703136
baseline,standard,20250841,197,10.345001220703136
baseline,standard,20250841,198,10.345001220703136
baseline,standard,20250841,199,10.345001220703136
baseline,standard,20250841,200,10.345001220703136
baseline,standard,20250841,201,10.345001220703136
baseline,standard,20250841,202,10.345001220703136
baseline,standard,20250841,203,10.370635986328121
baseline,standard,20250841,204,10.381542968750002
baseline,standard,20250841,205,10.386651611328151
baseline,standard,20250841,206,10.386651611328151
baseline,standard,20250841,207,10.386651611328151
baseline,standard,20250841,208,10.386651611328151
baseline,standard,20250841,209,10.386651611328151
baseline,standard,20250841,210,10.386651611328151
baseline,standard,20250841,211,10.38764038085937
baseline,standard,20250841,212,10.397491455078132
baseline,standard,20250841,213,10.401806640625017
baseline,standard,20250841,214,10.407080078125023
baseline,standard,20250841,215,10.43836669921876
baseline,standard,20250841,216,10.45161132812502
baseline,standard,20250841,217,10.45161132812502
baseline,standard,20250841,218,10.453405761718763
baseline,standard,20250841,219,10.465890502929696
baseline,standard,20250841,220,10.465890502929696
baseline,standard,20250841,221,10.467346191406268
baseline,standard,20250841,222,10.46816406250002
baseline,standard,20250841,223,10.474493408203148
baseline,standard,20250841,224,10.481732177734383
baseline,standard,20250841,225,10.481732177734383
baseline,standard,20250841,226,10.481732177734383
baseline,standard,20250841,227,10.481732177734383
baseline,standard,20250841,228,10.499346923828135
baseline,standard,20250841,229,10.499346923828135
baseline,standard,20250841,230,10.509619140625007
baseline,standard,20250841,231,10.509619140625007
baseline,standard,20250841,232,10.509619140625007
baseline,standard,20250841,233,10.509619140625007
baseline,standard,20250841,234,10.509619140625007
baseline,standard,20250841,235,10.5172790527344
baseline,standard,20250841,236,10.5172790527344
baseline,standard,20250841,237,10.5172790527344
baseline,standard,20250841,238,10.5172790527344
baseline,standard,20250841,239,10.518176269531265
baseline,standard,20250841,240,10.518176269531265
baseline,standard,20250841,241,10.52969970703127
baseline,standard,20250841,242,10.54019775390626
baseline,standard,20250841,243,10.543939208984398
baseline,standard,20250841,244,10.543939208984398
baseline,standard,20250841,245,10.543939208984398
baseline,standard,20250841,246,10.543939208984398
baseline,standard,20250841,247,10.545556640625014
baseline,standard,20250841,248,10.545556640625014
baseline,standard,20250841,249,10.545556640625014
baseline,standard,20250841,250,10.548718261718767
baseline,standard,20250841,251,10.548718261718767
baseline,standard,20250841,252,10.548718261718767
baseline,standard,20250841,253,10.548809814453133
baseline,standard,20250841,254,10.548809814453133
baseline,standard,20250841,255,10.550762939453147
baseline,standard,20250841,256,10.553179931640637
baseline,standard,20250841,257,10.554064941406262
baseline,standard,20250841,258,10.554064941406262
baseline,standard,20250841,259,10.554064941406262
baseline,standard,20250841,260,10.55480957031251
baseline,standard,20250841,261,10.564624023437535
baseline,standard,20250841,262,10.56644897460938
baseline,standard,20250841,263,10.56644897460938
baseline,standard,20250841,264,10.56644897460938
baseline,standard,20250841,265,10.567919921875014
baseline,standard,20250841,266,10.570806884765641
baseline,standard,20250841,267,10.570806884765641
baseline,standard,20250841,268,10.570806884765641
baseline,standard,20250841,269,10.57155151367187
baseline,standard,20250841,270,10.57155151367187
baseline,standard,20250841,271,10.572167968750028
baseline,standard,20250841,272,10.572167968750028
baseline,standard,20250841,273,10.575354003906265
baseline,standard,20250841,274,10.57779541015627
baseline,standard,20250841,275,10.57779541015627
baseline,standard,20250841,276,10.57779541015627
baseline,standard,20250841,277,10.57779541015627
baseline,standard,20250841,278,10.57960815429687
baseline,standard,20250841,279,10.57960815429687
baseline,standard,20250841,280,10.57960815429687
baseline,standard,20250841,281,10.582049560546892
baseline,standard,20250841,282,10.582049560546892
baseline,standard,20250841,283,10.583026123046903
baseline,standard,20250841,284,10.583026123046903
baseline,standard,20250841,285,10.583026123046903
baseline,standard,20250841,286,10.583026123046903
baseline,standard,20250841,287,10.583026123046903
baseline,standard,20250841,288,10.583026123046903
baseline,standard,20250841,289,10.583459472656264
baseline,standard,20250841,290,10.584378051757831
baseline,standard,20250841,291,10.584378051757831
baseline,standard,20250841,292,10.584378051757831
baseline,standard,20250841,293,10.584378051757831
baseline,standard,20250841,294,10.584378051757831
baseline,standard,20250841,295,10.584378051757831
baseline,standard,20250841,296,10.584378051757831
baseline,standard,20250841,297,10.584378051757831
baseline,standard,20250841,298,10.584378051757831
baseline,standard,20250841,299,10.584378051757831
baseline,standard,20250841,300,10.584378051757831
baseline,standard,20250841,301,10.584378051757831
baseline,standard,20250841,302,10.584378051757831
baseline,standard,20250841,303,10.584378051757831
baseline,standard,20250841,304,10.584378051757831
baseline,standard,20250841,305,10.584405517578126
baseline,standard,20250841,306,10.584500122070342
baseline,standard,20250841,307,10.584500122070342
baseline,standard,20250841,308,10.584500122070342
baseline,standard,20250841,309,10.584500122070342
baseline,standard,20250841,310,10.584500122070342
baseline,standard,20250841,311,10.584500122070342
baseline,standard,20250841,312,10.584500122070342
baseline,standard,20250841,313,10.58555297851566
baseline,standard,20250841,314,10.586169433593767
baseline,standard,20250841,315,10.586169433593767
baseline,standard,20250841,316,10.58638916015626
baseline,standard,20250841,317,10.58638916015626
baseline,standard,20250841,318,10.58638916015626
baseline,standard,20250841,319,10.58638916015626
baseline,standard,20250841,320,10.58638916015626
baseline,standard,20250841,321,10.58638916015626
baseline,standard,20250841,322,10.58638916015626
baseline,standard,20250841,323,10.58638916015626
baseline,standard,20250841,324,10.587286376953145
baseline,standard,20250841,325,10.587994384765624
baseline,standard,20250841,326,10.587994384765624
baseline,standard,20250841,327,10.588806152343757
baseline,standard,20250841,328,10.589715576171873
baseline,standard,20250841,329,10.589776611328144
baseline,standard,20250841,330,10.590179443359386
baseline,standard,20250841,331,10.591961669921888
baseline,standard,20250841,332,10.593511962890629
baseline,standard,20250841,333,10.594024658203146
baseline,standard,20250841,334,10.594024658203146
baseline,standard,20250841,335,10.59457397460939
baseline,standard,20250841,336,10.595043945312524
baseline,standard,20250841,337,10.595117187500009
baseline,standard,20250841,338,10.595458984375018
baseline,standard,20250841,339,10.596121215820325
baseline,standard,20250841,340,10.596121215820325
baseline,standard,20250841,341,10.597198486328143
baseline,standard,20250841,342,10.60078125000002
baseline,standard,20250841,343,10.6038024902344
baseline,standard,20250841,344,10.606427001953131
baseline,standard,20250841,345,10.60968017578126
baseline,standard,20250841,346,10.615734863281268
baseline,standard,20250841,347,10.616134643554709
baseline,standard,20250841,348,10.617694091796881
baseline,standard,20250841,349,10.617694091796881
baseline,standard,20250841,350,10.617877197265647
baseline,standard,20250841,351,10.619366455078149
baseline,standard,20250841,352,10.620269775390636
baseline,standard,20250841,353,10.624591064453135
baseline,standard,20250841,354,10.624591064453135
baseline,standard,20250841,355,10.624591064453135
baseline,standard,20250841,356,10.625323486328135
baseline,standard,20250841,357,10.625323486328135
baseline,standard,20250841,358,10.625323486328135
baseline,standard,20250841,359,10.631289672851578
baseline,standard,20250841,360,10.631289672851578
baseline,standard,20250841,361,10.631289672851578
baseline,standard,20250841,362,10.631289672851578
baseline,standard,20250841,363,10.631289672851578
baseline,standard,20250841,364,10.631289672851578
baseline,standard,20250841,365,10.631289672851578
baseline,standard,20250841,366,10.633740234375022
baseline,standard,20250841,367,10.633740234375022
baseline,standard,20250841,368,10.633740234375022
baseline,standard,20250841,369,10.633740234375022
baseline,standard,20250841,370,10.633740234375022
baseline,standard,20250841,371,10.633740234375022
baseline,standard,20250841,372,10.633740234375022
baseline,standard,20250841,373,10.633740234375022
baseline,standard,20250841,374,10.633740234375022
baseline,standard,20250841,375,10.633740234375022
baseline,standard,20250841,376,10.633740234375022
baseline,standard,20250841,377,10.633740234375022
baseline,standard,20250841,378,10.635449218750004
baseline,standard,20250841,379,10.636175537109391
baseline,standard,20250841,380,10.637927246093765
baseline,standard,20250841,381,10.640051269531254
baseline,standard,20250841,382,10.640051269531254
baseline,standard,20250841,383,10.640997314453127
baseline,standard,20250841,384,10.640997314453127
baseline,standard,20250841,385,10.640997314453127
baseline,standard,20250841,386,10.641973876953143
baseline,standard,20250841,387,10.65150146484378
baseline,standard,20250841,388,10.657086181640642
baseline,standard,20250841,389,10.657086181640642
baseline,standard,20250841,390,10.660833740234379
baseline,standard,20250841,391,10.663989257812506
baseline,standard,20250841,392,10.667364501953156
baseline,standard,20250841,393,10.667364501953156
baseline,standard,20250841,394,10.66820068359377
baseline,standard,20250841,395,10.670190429687507
baseline,standard,20250841,396,10.670324707031252
baseline,standard,20250841,397,10.670886230468764
baseline,standard,20250841,398,10.67371826171878
baseline,standard,20250841,399,10.67371826171878
baseline,standard,20250841,400,10.679394531249994
baseline,standard,20250841,401,10.688043212890655
baseline,standard,20250841,402,10.689959716796901
baseline,standard,20250841,403,10.69314575195313
baseline,standard,20250841,404,10.694622802734397
baseline,standard,20250841,405,10.697583007812513
baseline,standard,20250841,406,10.697583007812513
baseline,standard,20250841,407,10.708013916015645
baseline,standard,20250841,408,10.713519287109378
baseline,standard,20250841,409,10.713519287109378
baseline,standard,20250841,410,10.713519287109378
baseline,standard,20250841,411,10.714416503906268
baseline,standard,20250841,412,10.714416503906268
baseline,standard,20250841,413,10.714416503906268
baseline,standard,20250841,414,10.714416503906268
baseline,standard,20250841,415,10.724121093750021
baseline,standard,20250841,416,10.724121093750021
baseline,standard,20250841,417,10.724121093750021
baseline,standard,20250841,418,10.725476074218765
baseline,standard,20250841,419,10.725891113281271
baseline,standard,20250841,420,10.725891113281271
baseline,standard,20250841,421,10.733850097656264
baseline,standard,20250841,422,10.7354736328125
baseline,standard,20250841,423,10.739733886718767
baseline,standard,20250841,424,10.745043945312514
baseline,standard,20250841,425,10.745043945312514
baseline,standard,20250841,426,10.745043945312514
baseline,standard,20250841,427,10.745043945312514
baseline,standard,20250841,428,10.745043945312514
baseline,standard,20250841,429,10.75059204101565
baseline,standard,20250841,430,10.75059204101565
baseline,standard,20250841,431,10.75093383789065
baseline,standard,20250841,432,10.753881835937516
baseline,standard,20250841,433,10.753881835937516
baseline,standard,20250841,434,10.756665039062518
baseline,standard,20250841,435,10.764111328125015
baseline,standard,20250841,436,10.770220947265639
baseline,standard,20250841,437,10.772460937500025
baseline,standard,20250841,438,10.772460937500025
baseline,standard,20250841,439,10.772460937500025
baseline,standard,20250841,440,10.772460937500025
baseline,standard,20250841,441,10.772460937500025
baseline,standard,20250841,442,10.774212646484369
baseline,standard,20250841,443,10.774212646484369
baseline,standard,20250841,444,10.788372802734383
baseline,standard,20250841,445,10.788372802734383
baseline,standard,20250841,446,10.78869018554689
baseline,standard,20250841,447,10.790948486328144
baseline,standard,20250841,448,10.790948486328144
baseline,standard,20250841,449,10.790948486328144
baseline,standard,20250841,450,10.797018432617211
baseline,standard,20250841,451,10.797018432617211
baseline,standard,20250841,452,10.797018432617211
baseline,standard,20250841,453,10.797018432617211
baseline,standard,20250841,454,10.797018432617211
baseline,standard,20250841,455,10.797018432617211
baseline,standard,20250841,456,10.797018432617211
baseline,standard,20250841,457,10.797018432617211
baseline,standard,20250841,458,10.797018432617211
baseline,standard,20250841,459,10.80081787109376
baseline,standard,20250841,460,10.80081787109376
baseline,standard,20250841,461,10.80081787109376
baseline,standard,20250841,462,10.80081787109376
baseline,standard,20250841,463,10.80081787109376
baseline,standard,20250841,464,10.802288818359408
baseline,standard,20250841,465,10.802288818359408
baseline,standard,20250841,466,10.805041503906269
baseline,standard,20250841,467,10.805041503906269
baseline,standard,20250841,468,10.805041503906269
baseline,standard,20250841,469,10.806573486328137
baseline,standard,20250841,470,10.808221435546903
baseline,standard,20250841,471,10.808221435546903
baseline,standard,20250841,472,10.808221435546903
baseline,standard,20250841,473,10.808221435546903
baseline,standard,20250841,474,10.808221435546903
baseline,standard,20250841,475,10.808221435546903
baseline,standard,20250841,476,10.808221435546903
baseline,standard,20250841,477,10.808221435546903
baseline,standard,20250841,478,10.8087768554688
baseline,standard,20250841,479,10.8087768554688
baseline,standard,20250841,480,10.8087768554688
baseline,standard,20250841,481,10.8087768554688
baseline,standard,20250841,482,10.8087768554688
baseline,standard,20250841,483,10.80912475585938
baseline,standard,20250841,484,10.811657714843781
baseline,standard,20250841,485,10.811657714843781
baseline,standard,20250841,486,10.811657714843781
baseline,standard,20250841,487,10.811828613281278
baseline,standard,20250841,488,10.816900634765638
baseline,standard,20250841,489,10.816900634765638
baseline,standard,20250841,490,10.816900634765638
baseline,standard,20250841,491,10.816900634765638
baseline,standard,20250841,492,10.816900634765638
baseline,standard,20250841,493,10.816900634765638
baseline,standard,20250841,494,10.816900634765638
baseline,standard,20250841,495,10.816900634765638
baseline,standard,20250841,496,10.816900634765638
baseline,standard,20250841,497,10.816900634765638
baseline,standard,20250841,498,10.816900634765638
baseline,standard,20250841,499,10.816900634765638
baseline,standard,20250841,500,10.816900634765638
baseline,standard,20250841,501,10.81760253906252
baseline,standard,20250841,502,10.817779541015653
baseline,standard,20250841,503,10.817779541015653
baseline,standard,20250841,504,10.819555664062513
baseline,standard,20250841,505,10.822955322265656
baseline,standard,20250841,506,10.824291992187515
baseline,standard,20250841,507,10.828085327148457
baseline,standard,20250841,508,10.834698486328145
baseline,standard,20250841,509,10.835852050781284
baseline,standard,20250841,510,10.835852050781284
baseline,standard,20250841,511,10.83672485351565
baseline,standard,20250841,512,10.83672485351565
baseline,standard,20250841,513,10.83672485351565
baseline,standard,20250841,514,10.843780517578148
baseline,standard,20250841,515,10.843780517578148
baseline,standard,20250841,516,10.843780517578148
baseline,standard,20250841,517,10.844000244140663
baseline,standard,20250841,518,10.844149780273474
baseline,standard,20250841,519,10.844149780273474
baseline,standard,20250841,520,10.844149780273474
baseline,standard,20250841,521,10.844226074218785
baseline,standard,20250841,522,10.844226074218785
baseline,standard,20250841,523,10.845465087890656
baseline,standard,20250841,524,10.845465087890656
baseline,standard,20250841,525,10.853582763671914
baseline,standard,20250841,526,10.853582763671914
baseline,standard,20250841,527,10.853582763671914
baseline,standard,20250841,528,10.853619384765638
baseline,standard,20250841,529,10.853619384765638
baseline,standard,20250841,530,10.853619384765638
baseline,standard,20250841,531,10.856365966796915
baseline,standard,20250841,532,10.85812988281252
baseline,standard,20250841,533,10.858160400390659
baseline,standard,20250841,534,10.860186767578156
baseline,standard,20250841,535,10.861926269531292
baseline,standard,20250841,536,10.86328735351565
baseline,standard,20250841,537,10.86328735351565
baseline,standard,20250841,538,10.86328735351565
baseline,standard,20250841,539,10.864233398437516
baseline,standard,20250841,540,10.864233398437516
baseline,standard,20250841,541,10.864459228515647
baseline,standard,20250841,542,10.86705627441409
baseline,standard,20250841,543,10.867999267578131
baseline,standard,20250841,544,10.867999267578131
baseline,standard,20250841,545,10.868408203125028
baseline,standard,20250841,546,10.87281494140628
baseline,standard,20250841,547,10.873596191406287
baseline,standard,20250841,548,10.877429199218762
baseline,standard,20250841,549,10.880010986328141
baseline,standard,20250841,550,10.880401611328146
baseline,standard,20250841,551,10.880859375000018
baseline,standard,20250841,552,10.880859375000018
baseline,standard,20250841,553,10.880859375000018
baseline,standard,20250841,554,10.881604003906265
baseline,standard,20250841,555,10.881604003906265
baseline,standard,20250841,556,10.881604003906265
baseline,standard,20250841,557,10.881604003906265
baseline,standard,20250841,558,10.881604003906265
baseline,standard,20250841,559,10.881604003906265
baseline,standard,20250841,560,10.883105468750026
baseline,standard,20250841,561,10.883599853515648
baseline,standard,20250841,562,10.884985351562516
baseline,standard,20250841,563,10.884985351562516
baseline,standard,20250841,564,10.884985351562516
baseline,standard,20250841,565,10.884985351562516
baseline,standard,20250841,566,10.884985351562516
baseline,standard,20250841,567,10.884985351562516
baseline,standard,20250841,568,10.885699462890651
baseline,standard,20250841,569,10.890313720703126
baseline,standard,20250841,570,10.898876953125015
baseline,standard,20250841,571,10.898876953125015
baseline,standard,20250841,572,10.898876953125015
baseline,standard,20250841,573,10.898876953125015
baseline,standard,20250841,574,10.907580566406278
baseline,standard,20250841,575,10.916015625000021
baseline,standard,20250841,576,10.916015625000021
baseline,standard,20250841,577,10.916015625000021
baseline,standard,20250841,578,10.918945312500027
baseline,standard,20250841,579,10.928790283203139
baseline,standard,20250841,580,10.931958007812504
baseline,standard,20250841,581,10.936572265625031
baseline,standard,20250841,582,10.936572265625031
baseline,standard,20250841,583,10.936572265625031
baseline,standard,20250841,584,10.936572265625031
baseline,standard,20250841,585,10.936572265625031
baseline,standard,20250841,586,10.947082519531246
baseline,standard,20250841,587,10.94776611328126
baseline,standard,20250841,588,10.952575683593771
baseline,standard,20250841,589,10.952575683593771
baseline,standard,20250841,590,10.95933227539065
baseline,standard,20250841,591,10.95933227539065
baseline,standard,20250841,592,10.971917724609394
baseline,standard,20250841,593,10.990747070312521
baseline,standard,20250841,594,10.994665527343765
baseline,standard,20250841,595,11.010064697265634
baseline,standard,20250841,596,11.012829589843767
baseline,standard,20250841,597,11.015875244140641
baseline,standard,20250841,598,11.01852416992189
baseline,standard,20250841,599,11.021496582031261
baseline,standard,20250841,600,11.021496582031261
baseline,standard,20250841,601,11.030206298828134
baseline,standard,20250841,602,11.034899902343774
baseline,standard,20250841,603,11.034899902343774
baseline,standard,20250841,604,11.03624267578127
baseline,standard,20250841,605,11.03624267578127
baseline,standard,20250841,606,11.03624267578127
baseline,standard,20250841,607,11.036822509765654
baseline,standard,20250841,608,11.037530517578155
baseline,standard,20250841,609,11.037530517578155
baseline,standard,20250841,610,11.037921142578142
baseline,standard,20250841,611,11.044573974609406
baseline,standard,20250841,612,11.046069335937528
baseline,standard,20250841,613,11.04838256835939
baseline,standard,20250841,614,11.04838256835939
baseline,standard,20250841,615,11.050012207031262
baseline,standard,20250841,616,11.05497436523439
baseline,standard,20250841,617,11.05531005859378
baseline,standard,20250841,618,11.05531005859378
baseline,standard,20250841,619,11.05531005859378
baseline,standard,20250841,620,11.05531005859378
baseline,standard,20250841,621,11.05531005859378
baseline,standard,20250841,622,11.05531005859378
baseline,standard,20250841,623,11.05531005859378
baseline,standard,20250841,624,11.05531005859378
baseline,standard,20250841,625,11.056933593750003
baseline,standard,20250841,626,11.056933593750003
baseline,standard,20250841,627,11.061218261718775
baseline,standard,20250841,628,11.061218261718775
baseline,standard,20250841,629,11.061218261718775
baseline,standard,20250841,630,11.061218261718775
baseline,standard,20250841,631,11.061218261718775
baseline,standard,20250841,632,11.061218261718775
baseline,standard,20250841,633,11.062628173828136
baseline,standard,20250841,634,11.066076660156257
baseline,standard,20250841,635,11.070190429687507
baseline,standard,20250841,636,11.0865905761719
baseline,standard,20250841,637,11.0865905761719
baseline,standard,20250841,638,11.092474365234382
baseline,standard,20250841,639,11.092474365234382
baseline,standard,20250841,640,11.092474365234382
baseline,standard,20250841,641,11.092474365234382
baseline,standard,20250841,642,11.093395996093767
baseline,standard,20250841,643,11.093395996093767
baseline,standard,20250841,644,11.093395996093767
baseline,standard,20250841,645,11.093395996093767
baseline,standard,20250841,646,11.093395996093767
baseline,standard,20250841,647,11.093518066406276
baseline,standard,20250841,648,11.093518066406276
baseline,standard,20250841,649,11.093518066406276
baseline,standard,20250841,650,11.093518066406276
baseline,standard,20250841,651,11.0940124511719
baseline,standard,20250841,652,11.0940124511719
baseline,standard,20250841,653,11.09849243164064
baseline,standard,20250841,654,11.09849243164064
baseline,standard,20250841,655,11.100750732421897
baseline,standard,20250841,656,11.100750732421897
baseline,standard,20250841,657,11.101589965820335
baseline,standard,20250841,658,11.101589965820335
baseline,standard,20250841,659,11.10324707031253
baseline,standard,20250841,660,11.107934570312544
baseline,standard,20250841,661,11.110412597656278
baseline,standard,20250841,662,11.111987304687528
baseline,standard,20250841,663,11.125561523437533
baseline,standard,20250841,664,11.130865478515659
baseline,standard,20250841,665,11.130865478515659
baseline,standard,20250841,666,11.130865478515659
baseline,standard,20250841,667,11.132586669921913
baseline,standard,20250841,668,11.1329040527344
baseline,standard,20250841,669,11.133544921875034
baseline,standard,20250841,670,11.133544921875034
baseline,standard,20250841,671,11.135015869140641
baseline,standard,20250841,672,11.135668945312537
baseline,standard,20250841,673,11.135668945312537
baseline,standard,20250841,674,11.135668945312537
baseline,standard,20250841,675,11.135668945312537
baseline,standard,20250841,676,11.135668945312537
baseline,standard,20250841,677,11.137402343750036
baseline,standard,20250841,678,11.137402343750036
baseline,standard,20250841,679,11.139270019531281
baseline,standard,20250841,680,11.139831542968784
baseline,standard,20250841,681,11.139831542968784
baseline,standard,20250841,682,11.141693115234412
baseline,standard,20250841,683,11.145434570312533
baseline,standard,20250841,684,11.14908447265626
baseline,standard,20250841,685,11.149334716796893
baseline,standard,20250841,686,11.149334716796893
baseline,standard,20250841,687,11.149334716796893
baseline,standard,20250841,688,11.149334716796893
baseline,standard,20250841,689,11.149334716796893
baseline,standard,20250841,690,11.150646972656281
baseline,standard,20250841,691,11.151812744140646
baseline,standard,20250841,692,11.153863525390662
baseline,standard,20250841,693,11.153863525390662
baseline,standard,20250841,694,11.153863525390662
baseline,standard,20250841,695,11.154974365234398
baseline,standard,20250841,696,11.154974365234398
baseline,standard,20250841,697,11.156182861328146
baseline,standard,20250841,698,11.157135009765643
baseline,standard,20250841,699,11.157135009765643
baseline,standard,20250841,700,11.157135009765643
baseline,standard,20250841,701,11.157135009765643
baseline,standard,20250841,702,11.157135009765643
baseline,standard,20250841,703,11.158758544921891
baseline,standard,20250841,704,11.159143066406278
baseline,standard,20250841,705,11.162683105468775
baseline,standard,20250841,706,11.164782714843778
baseline,standard,20250841,707,11.165234375000026
baseline,standard,20250841,708,11.165234375000026
baseline,standard,20250841,709,11.165234375000026
baseline,standard,20250841,710,11.165234375000026
baseline,standard,20250841,711,11.165234375000026
baseline,standard,20250841,712,11.165277099609396
baseline,standard,20250841,713,11.165277099609396
baseline,standard,20250841,714,11.16667480468751
baseline,standard,20250841,715,11.167718505859394
baseline,standard,20250841,716,11.169195556640641
baseline,standard,20250841,717,11.169842529296892
baseline,standard,20250841,718,11.169842529296892
baseline,standard,20250841,719,11.169842529296892
baseline,standard,20250841,720,11.171917724609408
baseline,standard,20250841,721,11.177264404296885
baseline,standard,20250841,722,11.18031616210941
baseline,standard,20250841,723,11.185784912109394
baseline,standard,20250841,724,11.186590576171902
baseline,standard,20250841,725,11.186590576171902
baseline,standard,20250841,726,11.189892578125022
baseline,standard,20250841,727,11.189892578125022
baseline,standard,20250841,728,11.190820312500028
baseline,standard,20250841,729,11.19418334960941
baseline,standard,20250841,730,11.19418334960941
baseline,standard,20250841,731,11.19616088867189
baseline,standard,20250841,732,11.19744262695315
baseline,standard,20250841,733,11.19744262695315
baseline,standard,20250841,734,11.19881591796877
baseline,standard,20250841,735,11.202941894531271
baseline,standard,20250841,736,11.202941894531271
baseline,standard,20250841,737,11.203039550781277
baseline,standard,20250841,738,11.203167724609397
baseline,standard,20250841,739,11.203167724609397
baseline,standard,20250841,740,11.205816650390652
baseline,standard,20250841,741,11.207531738281283
baseline,standard,20250841,742,11.208020019531281
baseline,standard,20250841,743,11.21087646484379
baseline,standard,20250841,744,11.211114501953139
baseline,standard,20250841,745,11.211114501953139
baseline,standard,20250841,746,11.211114501953139
baseline,standard,20250841,747,11.213250732421912
baseline,standard,20250841,748,11.213250732421912
baseline,standard,20250841,749,11.213250732421912
baseline,standard,20250841,750,11.215557861328158
baseline,standard,20250841,751,11.215557861328158
baseline,standard,20250841,752,11.215557861328158
baseline,standard,20250841,753,11.215557861328158
baseline,standard,20250841,754,11.215557861328158
baseline,standard,20250841,755,11.215557861328158
baseline,standard,20250841,756,11.215557861328158
baseline,standard,20250841,757,11.215557861328158
baseline,standard,20250841,758,11.215844726562544
baseline,standard,20250841,759,11.215844726562544
baseline,standard,20250841,760,11.221875000000027
baseline,standard,20250841,761,11.222882080078156
baseline,standard,20250841,762,11.222882080078156
baseline,standard,20250841,763,11.22408447265628
baseline,standard,20250841,764,11.22408447265628
baseline,standard,20250841,765,11.22408447265628
baseline,standard,20250841,766,11.224713134765654
baseline,standard,20250841,767,11.225177001953146
baseline,standard,20250841,768,11.225207519531267
baseline,standard,20250841,769,11.22618408203127
baseline,standard,20250841,770,11.227868652343773
baseline,standard,20250841,771,11.227868652343773
baseline,standard,20250841,772,11.227868652343773
baseline,standard,20250841,773,11.228320312500024
baseline,standard,20250841,774,11.22972412109378
baseline,standard,20250841,775,11.22972412109378
baseline,standard,20250841,776,11.22972412109378
baseline,standard,20250841,777,11.231213378906277
baseline,standard,20250841,778,11.231710815429725
baseline,standard,20250841,779,11.231710815429725
baseline,standard,20250841,780,11.231710815429725
baseline,standard,20250841,781,11.231710815429725
baseline,standard,20250841,782,11.231710815429725
baseline,standard,20250841,783,11.233087158203144
baseline,standard,20250841,784,11.233087158203144
baseline,standard,20250841,785,11.2331237792969
baseline,standard,20250841,786,11.2331237792969
baseline,standard,20250841,787,11.2331237792969
baseline,standard,20250841,788,11.2331237792969
baseline,standard,20250841,789,11.233923339843761
baseline,standard,20250841,790,11.233923339843761
baseline,standard,20250841,791,11.236260986328148
baseline,standard,20250841,792,11.236260986328148
baseline,standard,20250841,793,11.236260986328148
baseline,standard,20250841,794,11.236260986328148
baseline,standard,20250841,795,11.236260986328148
baseline,standard,20250841,796,11.236376953125012
baseline,standard,20250841,797,11.238336181640644
baseline,standard,20250841,798,11.238592529296906
baseline,standard,20250841,799,11.240820312500038
baseline,standard,20250841,800,11.240820312500038
baseline,standard,20250841,801,11.242811066109407
baseline,standard,20250841,802,11.242811066109407
baseline,standard,20250841,803,11.244616699218781
baseline,standard,20250841,804,11.244616699218781
baseline,standard,20250841,805,11.244616699218781
baseline,standard,20250841,806,11.244616699218781
baseline,standard,20250841,807,11.247411173340645
baseline,standard,20250841,808,11.248620605468782
baseline,standard,20250841,809,11.249527111821887
baseline,standard,20250841,810,11.25119472593127
baseline,standard,20250841,811,11.254037595125006
baseline,standard,20250841,812,11.255728285196891
baseline,standard,20250841,813,11.255728285196891
baseline,standard,20250841,814,11.255728285196891
baseline,standard,20250841,815,11.255728285196891
baseline,standard,20250841,816,11.255728285196891
baseline,standard,20250841,817,11.255728285196891
baseline,standard,20250841,818,11.255728285196891
baseline,standard,20250841,819,11.25962183437813
baseline,standard,20250841,820,11.25962183437813
baseline,standard,20250841,821,11.25962183437813
baseline,standard,20250841,822,11.260337537634374
baseline,standard,20250841,823,11.260337537634374
baseline,standard,20250841,824,11.260337537634374
baseline,standard,20250841,825,11.260337537634374
baseline,standard,20250841,826,11.261134859781269
baseline,standard,20250841,827,11.261134859781269
baseline,standard,20250841,828,11.262485844959393
baseline,standard,20250841,829,11.262485844959393
baseline,standard,20250841,830,11.26655199801251
baseline,standard,20250841,831,11.26655199801251
baseline,standard,20250841,832,11.26655199801251
baseline,standard,20250841,833,11.26655199801251
baseline,standard,20250841,834,11.26655199801251
baseline,standard,20250841,835,11.267457002096906
baseline,standard,20250841,836,11.267777935528134
baseline,standard,20250841,837,11.267777935528134
baseline,standard,20250841,838,11.269461530440633
baseline,standard,20250841,839,11.269461530440633
baseline,standard,20250841,840,11.269461530440633
baseline,standard,20250841,841,11.269461530440633
baseline,standard,20250841,842,11.269461530440633
baseline,standard,20250841,843,11.269461530440633
baseline,standard,20250841,844,11.269461530440633
baseline,standard,20250841,845,11.269532905043757
baseline,standard,20250841,846,11.269532905043757
baseline,standard,20250841,847,11.269532905043757
baseline,standard,20250841,848,11.272826942525018
baseline,standard,20250841,849,11.272826942525018
baseline,standard,20250841,850,11.272826942525018
baseline,standard,20250841,851,11.272830825906258
baseline,standard,20250841,852,11.272830825906258
baseline,standard,20250841,853,11.27318001236564
baseline,standard,20250841,854,11.273448746253134
baseline,standard,20250841,855,11.273637940437503
baseline,standard,20250841,856,11.27583109050938
baseline,standard,20250841,857,11.276422046162512
baseline,standard,20250841,858,11.276422046162512
baseline,standard,20250841,859,11.277420289646882
baseline,standard,20250841,860,11.277420289646882
baseline,standard,20250841,861,11.277876456853123
baseline,standard,20250841,862,11.278680305500004
baseline,standard,20250841,863,11.278680305500004
baseline,standard,20250841,864,11.278680305500004
baseline,standard,20250841,865,11.278680305500004
baseline,standard,20250841,866,11.281985905775002
baseline,standard,20250841,867,11.282015935475
baseline,standard,20250841,868,11.283670665290622
baseline,standard,20250841,869,11.283731843932802
baseline,standard,20250841,870,11.283731843932802
baseline,standard,20250841,871,11.284648682267186
baseline,standard,20250841,872,11.286843812087506
baseline,standard,20250841,873,11.286843812087506
baseline,standard,20250841,874,11.287033236131256
baseline,standard,20250841,875,11.287033236131256
baseline,standard,20250841,876,11.287199035353133
baseline,standard,20250841,877,11.28826897941251
baseline,standard,20250841,878,11.28996643046563
baseline,standard,20250841,879,11.291009176762511
baseline,standard,20250841,880,11.291009176762511
baseline,standard,20250841,881,11.291009176762511
baseline,standard,20250841,882,11.291317445393762
baseline,standard,20250841,883,11.291317445393762
baseline,standard,20250841,884,11.291317445393762
baseline,standard,20250841,885,11.291317445393762
baseline,standard,20250841,886,11.294476694509378
baseline,standard,20250841,887,11.300998239028122
baseline,standard,20250841,888,11.304041519574985
baseline,standard,20250841,889,11.304041519574985
baseline,standard,20250841,890,11.304850792937492
baseline,standard,20250841,891,11.310870665495312
baseline,standard,20250841,892,11.310870665495312
baseline,standard,20250841,893,11.31108008497187
baseline,standard,20250841,894,11.31455896839687
baseline,standard,20250841,895,11.314943534690624
baseline,standard,20250841,896,11.317088241912495
baseline,standard,20250841,897,11.317088241912495
baseline,standard,20250841,898,11.320856796856237
baseline,standard,20250841,899,11.32105367407187
baseline,standard,20250841,900,11.322563346071863
baseline,standard,20250842,1,9.823895263671874
baseline,standard,20250842,2,9.82506713867188
baseline,standard,20250842,3,9.82628173828126
baseline,standard,20250842,4,9.831359863281257
baseline,standard,20250842,5,9.831359863281257
baseline,standard,20250842,6,9.833258056640627
baseline,standard,20250842,7,9.83431396484376
baseline,standard,20250842,8,9.835675048828122
baseline,standard,20250842,9,9.836236572265626
baseline,standard,20250842,10,9.836907958984394
baseline,standard,20250842,11,9.837548828125005
baseline,standard,20250842,12,9.838208007812486
baseline,standard,20250842,13,9.838208007812486
baseline,standard,20250842,14,9.838208007812486
baseline,standard,20250842,15,9.83981933593752
baseline,standard,20250842,16,9.84307250976563
baseline,standard,20250842,17,9.843072509765634
baseline,standard,20250842,18,9.844824218750002
baseline,standard,20250842,19,9.844824218750002
baseline,standard,20250842,20,9.846563720703134
baseline,standard,20250842,21,9.846563720703134
baseline,standard,20250842,22,9.84798583984377
baseline,standard,20250842,23,9.85054931640625
baseline,standard,20250842,24,9.850695800781265
baseline,standard,20250842,25,9.85361938476564
baseline,standard,20250842,26,9.855261230468752
baseline,standard,20250842,27,9.856890869140635
baseline,standard,20250842,28,9.860021972656266
baseline,standard,20250842,29,9.860021972656266
baseline,standard,20250842,30,9.860021972656266
baseline,standard,20250842,31,9.860791015625018
baseline,standard,20250842,32,9.861743164062508
baseline,standard,20250842,33,9.861743164062508
baseline,standard,20250842,34,9.863079833984361
baseline,standard,20250842,35,9.867553710937528
baseline,standard,20250842,36,9.8680419921875
baseline,standard,20250842,37,9.868206787109372
baseline,standard,20250842,38,9.86886596679689
baseline,standard,20250842,39,9.875433349609388
baseline,standard,20250842,40,9.875494384765616
baseline,standard,20250842,41,9.880773925781263
baseline,standard,20250842,42,9.882714843750005
baseline,standard,20250842,43,9.882714843750005
baseline,standard,20250842,44,9.884832763671866
baseline,standard,20250842,45,9.88536376953125
baseline,standard,20250842,46,9.88536376953125
baseline,standard,20250842,47,9.889099121093759
baseline,standard,20250842,48,9.891552734374999
baseline,standard,20250842,49,9.891552734374999
baseline,standard,20250842,50,9.891552734374999
baseline,standard,20250842,51,9.893157958984384
baseline,standard,20250842,52,9.893157958984384
baseline,standard,20250842,53,9.895819091796879
baseline,standard,20250842,54,9.899279785156256
baseline,standard,20250842,55,9.899279785156256
baseline,standard,20250842,56,9.899279785156256
baseline,standard,20250842,57,9.899279785156256
baseline,standard,20250842,58,9.899279785156256
baseline,standard,20250842,59,9.899279785156256
baseline,standard,20250842,60,9.899279785156256
baseline,standard,20250842,61,9.899279785156256
baseline,standard,20250842,62,9.901080322265617
baseline,standard,20250842,63,9.901080322265617
baseline,standard,20250842,64,9.901080322265617
baseline,standard,20250842,65,9.901080322265617
baseline,standard,20250842,66,9.901080322265617
baseline,standard,20250842,67,9.901080322265617
baseline,standard,20250842,68,9.901080322265617
baseline,standard,20250842,69,9.901080322265617
baseline,standard,20250842,70,9.902990722656249
baseline,standard,20250842,71,9.902990722656249
baseline,standard,20250842,72,9.902990722656249
baseline,standard,20250842,73,9.902990722656249
baseline,standard,20250842,74,9.903869628906262
baseline,standard,20250842,75,9.903869628906262
baseline,standard,20250842,76,9.905364990234382
baseline,standard,20250842,77,9.905364990234382
baseline,standard,20250842,78,9.905364990234382
baseline,standard,20250842,79,9.905364990234382
baseline,standard,20250842,80,9.909753417968759
baseline,standard,20250842,81,9.909753417968759
baseline,standard,20250842,82,9.909753417968759
baseline,standard,20250842,83,9.913891601562494
baseline,standard,20250842,84,9.913891601562494
baseline,standard,20250842,85,9.914843750000017
baseline,standard,20250842,86,9.920385742187522
baseline,standard,20250842,87,9.92698974609375
baseline,standard,20250842,88,9.930108642578137
baseline,standard,20250842,89,9.932635498046889
baseline,standard,20250842,90,9.932635498046889
baseline,standard,20250842,91,9.933068847656244
baseline,standard,20250842,92,9.933068847656244
baseline,standard,20250842,93,9.934515380859395
baseline,standard,20250842,94,9.934515380859395
baseline,standard,20250842,95,9.936413574218754
baseline,standard,20250842,96,9.936413574218754
baseline,standard,20250842,97,9.936413574218754
baseline,standard,20250842,98,9.936413574218754
baseline,standard,20250842,99,9.936621093750018
baseline,standard,20250842,100,9.939190673828138
baseline,standard,20250842,101,9.941815185546892
baseline,standard,20250842,102,9.941815185546892
baseline,standard,20250842,103,9.941815185546892
baseline,standard,20250842,104,9.941815185546892
baseline,standard,20250842,105,9.94319763183595
baseline,standard,20250842,106,9.94319763183595
baseline,standard,20250842,107,9.948376464843758
baseline,standard,20250842,108,9.949487304687498
baseline,standard,20250842,109,9.951354980468764
baseline,standard,20250842,110,9.952276611328136
baseline,standard,20250842,111,9.952276611328136
baseline,standard,20250842,112,9.952276611328136
baseline,standard,20250842,113,9.954974365234381
baseline,standard,20250842,114,9.954974365234381
baseline,standard,20250842,115,9.954974365234381
baseline,standard,20250842,116,9.954974365234381
baseline,standard,20250842,117,9.954974365234381
baseline,standard,20250842,118,9.955102539062494
baseline,standard,20250842,119,9.955102539062494
baseline,standard,20250842,120,9.955322265625028
baseline,standard,20250842,121,9.956109619140634
baseline,standard,20250842,122,9.956109619140634
baseline,standard,20250842,123,9.956286621093762
baseline,standard,20250842,124,9.958679199218743
baseline,standard,20250842,125,9.958679199218743
baseline,standard,20250842,126,9.958679199218743
baseline,standard,20250842,127,9.959918212890628
baseline,standard,20250842,128,9.963464355468746
baseline,standard,20250842,129,9.96498413085938
baseline,standard,20250842,130,9.96498413085938
baseline,standard,20250842,131,9.985015869140618
baseline,standard,20250842,132,9.98667602539064
baseline,standard,20250842,133,9.988446044921872
baseline,standard,20250842,134,9.988446044921872
baseline,standard,20250842,135,9.99133300781251
baseline,standard,20250842,136,9.99133300781251
baseline,standard,20250842,137,9.996002197265632
baseline,standard,20250842,138,9.996002197265632
baseline,standard,20250842,139,9.996002197265632
baseline,standard,20250842,140,9.998724365234356
baseline,standard,20250842,141,9.998724365234356
baseline,standard,20250842,142,9.998724365234356
baseline,standard,20250842,143,9.998724365234356
baseline,standard,20250842,144,9.998724365234356
baseline,standard,20250842,145,9.998724365234356
baseline,standard,20250842,146,9.998730468749992
baseline,standard,20250842,147,9.998730468749992
baseline,standard,20250842,148,9.998730468749992
baseline,standard,20250842,149,9.998730468749992
baseline,standard,20250842,150,9.998730468749992
baseline,standard,20250842,151,9.998730468749992
baseline,standard,20250842,152,10.004217529296888
baseline,standard,20250842,153,10.004571533203123
baseline,standard,20250842,154,10.007379150390642
baseline,standard,20250842,155,10.007794189453142
baseline,standard,20250842,156,10.007794189453142
baseline,standard,20250842,157,10.007794189453142
baseline,standard,20250842,158,10.014923095703143
baseline,standard,20250842,159,10.014923095703143
baseline,standard,20250842,160,10.014923095703143
baseline,standard,20250842,161,10.018017578125011
baseline,standard,20250842,162,10.018072509765638
baseline,standard,20250842,163,10.018072509765638
baseline,standard,20250842,164,10.018072509765638
baseline,standard,20250842,165,10.018072509765638
baseline,standard,20250842,166,10.01870117187501
baseline,standard,20250842,167,10.032922363281257
baseline,standard,20250842,168,10.032922363281257
baseline,standard,20250842,169,10.033920288085964
baseline,standard,20250842,170,10.040844726562506
baseline,standard,20250842,171,10.040844726562506
baseline,standard,20250842,172,10.040844726562506
baseline,standard,20250842,173,10.044653320312506
baseline,standard,20250842,174,10.044653320312506
baseline,standard,20250842,175,10.044653320312506
baseline,standard,20250842,176,10.05377807617188
baseline,standard,20250842,177,10.05377807617188
baseline,standard,20250842,178,10.05377807617188
baseline,standard,20250842,179,10.055102539062506
baseline,standard,20250842,180,10.055950927734369
baseline,standard,20250842,181,10.055950927734369
baseline,standard,20250842,182,10.055950927734369
baseline,standard,20250842,183,10.055950927734369
baseline,standard,20250842,184,10.056854248046886
baseline,standard,20250842,185,10.056854248046886
baseline,standard,20250842,186,10.056854248046886
baseline,standard,20250842,187,10.057147216796887
baseline,standard,20250842,188,10.05935058593752
baseline,standard,20250842,189,10.05935058593752
baseline,standard,20250842,190,10.05935058593752
baseline,standard,20250842,191,10.05935058593752
baseline,standard,20250842,192,10.06088256835939
baseline,standard,20250842,193,10.063305664062511
baseline,standard,20250842,194,10.063305664062511
baseline,standard,20250842,195,10.063305664062511
baseline,standard,20250842,196,10.063305664062511
baseline,standard,20250842,197,10.064355468750005
baseline,standard,20250842,198,10.072943115234391
baseline,standard,20250842,199,10.086206054687514
baseline,standard,20250842,200,10.089013671875028
baseline,standard,20250842,201,10.089013671875028
baseline,standard,20250842,202,10.1098815917969
baseline,standard,20250842,203,10.117541503906269
baseline,standard,20250842,204,10.130621337890638
baseline,standard,20250842,205,10.16047973632814
baseline,standard,20250842,206,10.16047973632814
baseline,standard,20250842,207,10.16047973632814
baseline,standard,20250842,208,10.190039062500004
baseline,standard,20250842,209,10.19962158203125
baseline,standard,20250842,210,10.19962158203125
baseline,standard,20250842,211,10.21816406250002
baseline,standard,20250842,212,10.223852539062516
baseline,standard,20250842,213,10.223852539062516
baseline,standard,20250842,214,10.223852539062516
baseline,standard,20250842,215,10.223852539062516
baseline,standard,20250842,216,10.22755737304691
baseline,standard,20250842,217,10.230065917968767
baseline,standard,20250842,218,10.230065917968767
baseline,standard,20250842,219,10.231628417968757
baseline,standard,20250842,220,10.241058349609387
baseline,standard,20250842,221,10.244140625000027
baseline,standard,20250842,222,10.247967529296904
baseline,standard,20250842,223,10.247967529296904
baseline,standard,20250842,224,10.251483154296855
baseline,standard,20250842,225,10.251483154296855
baseline,standard,20250842,226,10.251483154296855
baseline,standard,20250842,227,10.253466796875038
baseline,standard,20250842,228,10.25444335937502
baseline,standard,20250842,229,10.25926513671876
baseline,standard,20250842,230,10.25926513671876
baseline,standard,20250842,231,10.265197753906275
baseline,standard,20250842,232,10.278448486328134
baseline,standard,20250842,233,10.290405273437527
baseline,standard,20250842,234,10.290405273437527
baseline,standard,20250842,235,10.295227050781266
baseline,standard,20250842,236,10.300994873046875
baseline,standard,20250842,237,10.307647705078155
baseline,standard,20250842,238,10.307647705078155
baseline,standard,20250842,239,10.310772705078147
baseline,standard,20250842,240,10.314733886718766
baseline,standard,20250842,241,10.316168212890624
baseline,standard,20250842,242,10.324603271484378
baseline,standard,20250842,243,10.324932861328136
baseline,standard,20250842,244,10.332470703125017
baseline,standard,20250842,245,10.332470703125017
baseline,standard,20250842,246,10.333117675781267
baseline,standard,20250842,247,10.333117675781267
baseline,standard,20250842,248,10.333117675781267
baseline,standard,20250842,249,10.333117675781267
baseline,standard,20250842,250,10.333117675781267
baseline,standard,20250842,251,10.333117675781267
baseline,standard,20250842,252,10.334472656249996
baseline,standard,20250842,253,10.340563964843772
baseline,standard,20250842,254,10.340563964843772
baseline,standard,20250842,255,10.340563964843772
baseline,standard,20250842,256,10.340563964843772
baseline,standard,20250842,257,10.340563964843772
baseline,standard,20250842,258,10.343005371093774
baseline,standard,20250842,259,10.343334960937502
baseline,standard,20250842,260,10.3455505371094
baseline,standard,20250842,261,10.350207519531267
baseline,standard,20250842,262,10.350207519531267
baseline,standard,20250842,263,10.350207519531267
baseline,standard,20250842,264,10.350207519531267
baseline,standard,20250842,265,10.350207519531267
baseline,standard,20250842,266,10.350207519531267
baseline,standard,20250842,267,10.350207519531267
baseline,standard,20250842,268,10.350207519531267
baseline,standard,20250842,269,10.350207519531267
baseline,standard,20250842,270,10.350427246093755
baseline,standard,20250842,271,10.350427246093755
baseline,standard,20250842,272,10.350427246093755
baseline,standard,20250842,273,10.350427246093755
baseline,standard,20250842,274,10.351647949218762
baseline,standard,20250842,275,10.352075195312523
baseline,standard,20250842,276,10.352075195312523
baseline,standard,20250842,277,10.352075195312523
baseline,standard,20250842,278,10.352075195312523
baseline,standard,20250842,279,10.352075195312523
baseline,standard,20250842,280,10.352075195312523
baseline,standard,20250842,281,10.352075195312523
baseline,standard,20250842,282,10.352075195312523
baseline,standard,20250842,283,10.360559082031262
baseline,standard,20250842,284,10.368493652343762
baseline,standard,20250842,285,10.368493652343762
baseline,standard,20250842,286,10.368792724609403
baseline,standard,20250842,287,10.368792724609403
baseline,standard,20250842,288,10.380419921875005
baseline,standard,20250842,289,10.380419921875005
baseline,standard,20250842,290,10.381494140625001
baseline,standard,20250842,291,10.381921386718759
baseline,standard,20250842,292,10.382519531250004
baseline,standard,20250842,293,10.38602905273438
baseline,standard,20250842,294,10.40755615234377
baseline,standard,20250842,295,10.41881103515625
baseline,standard,20250842,296,10.423858642578143
baseline,standard,20250842,297,10.430670166015636
baseline,standard,20250842,298,10.439202880859387
baseline,standard,20250842,299,10.446575927734386
baseline,standard,20250842,300,10.458728027343767
baseline,standard,20250842,301,10.458728027343767
baseline,standard,20250842,302,10.458728027343767
baseline,standard,20250842,303,10.458728027343767
baseline,standard,20250842,304,10.458728027343767
baseline,standard,20250842,305,10.458728027343767
baseline,standard,20250842,306,10.467962646484379
baseline,standard,20250842,307,10.467962646484379
baseline,standard,20250842,308,10.467962646484379
baseline,standard,20250842,309,10.467962646484379
baseline,standard,20250842,310,10.467962646484379
baseline,standard,20250842,311,10.467962646484379
baseline,standard,20250842,312,10.467962646484379
baseline,standard,20250842,313,10.467962646484379
baseline,standard,20250842,314,10.467962646484379
baseline,standard,20250842,315,10.467962646484379
baseline,standard,20250842,316,10.467962646484379
baseline,standard,20250842,317,10.473352050781255
baseline,standard,20250842,318,10.473352050781255
baseline,standard,20250842,319,10.487084960937509
baseline,standard,20250842,320,10.487084960937509
baseline,standard,20250842,321,10.490045166015637
baseline,standard,20250842,322,10.490045166015637
baseline,standard,20250842,323,10.493518066406264
baseline,standard,20250842,324,10.493518066406264
baseline,standard,20250842,325,10.499444580078139
baseline,standard,20250842,326,10.499444580078139
baseline,standard,20250842,327,10.499444580078139
baseline,standard,20250842,328,10.499444580078139
baseline,standard,20250842,329,10.499444580078139
baseline,standard,20250842,330,10.500427246093757
baseline,standard,20250842,331,10.511059570312522
baseline,standard,20250842,332,10.511059570312522
baseline,standard,20250842,333,10.511059570312522
baseline,standard,20250842,334,10.511059570312522
baseline,standard,20250842,335,10.511059570312522
baseline,standard,20250842,336,10.511059570312522
baseline,standard,20250842,337,10.511059570312522
baseline,standard,20250842,338,10.511059570312522
baseline,standard,20250842,339,10.511059570312522
baseline,standard,20250842,340,10.511059570312522
baseline,standard,20250842,341,10.511059570312522
baseline,standard,20250842,342,10.511059570312522
baseline,standard,20250842,343,10.511059570312522
baseline,standard,20250842,344,10.511059570312522
baseline,standard,20250842,345,10.511059570312522
baseline,standard,20250842,346,10.512213134765659
baseline,standard,20250842,347,10.512213134765659
baseline,standard,20250842,348,10.513220214843773
baseline,standard,20250842,349,10.513220214843773
baseline,standard,20250842,350,10.513421630859414
baseline,standard,20250842,351,10.514224243164097
baseline,standard,20250842,352,10.515124511718767
baseline,standard,20250842,353,10.515124511718767
baseline,standard,20250842,354,10.515124511718767
baseline,standard,20250842,355,10.515124511718767
baseline,standard,20250842,356,10.515228271484407
baseline,standard,20250842,357,10.515228271484407
baseline,standard,20250842,358,10.515228271484407
baseline,standard,20250842,359,10.51598510742189
baseline,standard,20250842,360,10.516479492187532
baseline,standard,20250842,361,10.51954345703127
baseline,standard,20250842,362,10.51954345703127
baseline,standard,20250842,363,10.51954345703127
baseline,standard,20250842,364,10.51954345703127
baseline,standard,20250842,365,10.520483398437518
baseline,standard,20250842,366,10.52952270507814
baseline,standard,20250842,367,10.531311035156246
baseline,standard,20250842,368,10.537023925781266
baseline,standard,20250842,369,10.54057617187502
baseline,standard,20250842,370,10.550305175781244
baseline,standard,20250842,371,10.555993652343767
baseline,standard,20250842,372,10.558282470703139
baseline,standard,20250842,373,10.561645507812507
baseline,standard,20250842,374,10.561645507812507
baseline,standard,20250842,375,10.56323852539063
baseline,standard,20250842,376,10.569775390625018
baseline,standard,20250842,377,10.569775390625018
baseline,standard,20250842,378,10.569775390625018
baseline,standard,20250842,379,10.569775390625018
baseline,standard,20250842,380,10.569775390625018
baseline,standard,20250842,381,10.570611572265657
baseline,standard,20250842,382,10.573052978515648
baseline,standard,20250842,383,10.573052978515648
baseline,standard,20250842,384,10.574377441406286
baseline,standard,20250842,385,10.574377441406286
baseline,standard,20250842,386,10.576135253906271
baseline,standard,20250842,387,10.577154541015638
baseline,standard,20250842,388,10.577154541015638
baseline,standard,20250842,389,10.577154541015638
baseline,standard,20250842,390,10.577343749999992
baseline,standard,20250842,391,10.577343749999992
baseline,standard,20250842,392,10.579980468750025
baseline,standard,20250842,393,10.581042480468792
baseline,standard,20250842,394,10.581042480468792
baseline,standard,20250842,395,10.581237792968754
baseline,standard,20250842,396,10.582299804687523
baseline,standard,20250842,397,10.582299804687523
baseline,standard,20250842,398,10.582299804687523
baseline,standard,20250842,399,10.582299804687523
baseline,standard,20250842,400,10.582299804687523
baseline,standard,20250842,401,10.58299560546876
baseline,standard,20250842,402,10.58299560546876
baseline,standard,20250842,403,10.58299560546876
baseline,standard,20250842,404,10.583166503906277
baseline,standard,20250842,405,10.583166503906277
baseline,standard,20250842,406,10.583215332031255
baseline,standard,20250842,407,10.583215332031255
baseline,standard,20250842,408,10.584704589843787
baseline,standard,20250842,409,10.58638305664062
baseline,standard,20250842,410,10.58638305664062
baseline,standard,20250842,411,10.58638305664062
baseline,standard,20250842,412,10.58731079101563
baseline,standard,20250842,413,10.591003417968754
baseline,standard,20250842,414,10.593566894531257
baseline,standard,20250842,415,10.600500488281266
baseline,standard,20250842,416,10.609020996093784
baseline,standard,20250842,417,10.614764404296889
baseline,standard,20250842,418,10.614764404296889
baseline,standard,20250842,419,10.617321777343768
baseline,standard,20250842,420,10.617321777343768
baseline,standard,20250842,421,10.620123291015652
baseline,standard,20250842,422,10.620721435546894
baseline,standard,20250842,423,10.620721435546894
baseline,standard,20250842,424,10.621948242187518
baseline,standard,20250842,425,10.621948242187518
baseline,standard,20250842,426,10.627526855468778
baseline,standard,20250842,427,10.630343627929715
baseline,standard,20250842,428,10.630343627929715
baseline,standard,20250842,429,10.630343627929715
baseline,standard,20250842,430,10.630343627929715
baseline,standard,20250842,431,10.630343627929715
baseline,standard,20250842,432,10.6310729980469
baseline,standard,20250842,433,10.6310729980469
baseline,standard,20250842,434,10.6310729980469
baseline,standard,20250842,435,10.649887084960938
baseline,standard,20250842,436,10.649887084960938
baseline,standard,20250842,437,10.651055908203144
baseline,standard,20250842,438,10.651055908203144
baseline,standard,20250842,439,10.659765625000016
baseline,standard,20250842,440,10.659765625000016
baseline,standard,20250842,441,10.659765625000016
baseline,standard,20250842,442,10.659765625000016
baseline,standard,20250842,443,10.661059570312531
baseline,standard,20250842,444,10.661059570312531
baseline,standard,20250842,445,10.661059570312531
baseline,standard,20250842,446,10.672625732421889
baseline,standard,20250842,447,10.672625732421889
baseline,standard,20250842,448,10.672625732421889
baseline,standard,20250842,449,10.672625732421889
baseline,standard,20250842,450,10.672625732421889
baseline,standard,20250842,451,10.672625732421889
baseline,standard,20250842,452,10.672625732421889
baseline,standard,20250842,453,10.672625732421889
baseline,standard,20250842,454,10.674517822265639
baseline,standard,20250842,455,10.674517822265639
baseline,standard,20250842,456,10.674517822265639
baseline,standard,20250842,457,10.674517822265639
baseline,standard,20250842,458,10.675830078125031
baseline,standard,20250842,459,10.675830078125031
baseline,standard,20250842,460,10.675830078125031
baseline,standard,20250842,461,10.675830078125031
baseline,standard,20250842,462,10.675830078125031
baseline,standard,20250842,463,10.675830078125031
baseline,standard,20250842,464,10.675830078125031
baseline,standard,20250842,465,10.676263427734392
baseline,standard,20250842,466,10.676501464843776
baseline,standard,20250842,467,10.676501464843776
baseline,standard,20250842,468,10.677331542968783
baseline,standard,20250842,469,10.677331542968783
baseline,standard,20250842,470,10.677331542968783
baseline,standard,20250842,471,10.67813720703128
baseline,standard,20250842,472,10.67813720703128
baseline,standard,20250842,473,10.680810546875026
baseline,standard,20250842,474,10.680810546875026
baseline,standard,20250842,475,10.680810546875026
baseline,standard,20250842,476,10.680810546875026
baseline,standard,20250842,477,10.680810546875026
baseline,standard,20250842,478,10.680810546875026
baseline,standard,20250842,479,10.68266601562502
baseline,standard,20250842,480,10.68266601562502
baseline,standard,20250842,481,10.68344116210939
baseline,standard,20250842,482,10.68344116210939
baseline,standard,20250842,483,10.686499023437513
baseline,standard,20250842,484,10.686901855468783
baseline,standard,20250842,485,10.689013671875022
baseline,standard,20250842,486,10.689013671875022
baseline,standard,20250842,487,10.691137695312523
baseline,standard,20250842,488,10.695935058593765
baseline,standard,20250842,489,10.69673461914066
baseline,standard,20250842,490,10.697003173828143
baseline,standard,20250842,491,10.69732666015626
baseline,standard,20250842,492,10.69732666015626
baseline,standard,20250842,493,10.69809570312502
baseline,standard,20250842,494,10.69809570312502
baseline,standard,20250842,495,10.704248046875026
baseline,standard,20250842,496,10.704248046875026
baseline,standard,20250842,497,10.712548828125007
baseline,standard,20250842,498,10.714105224609394
baseline,standard,20250842,499,10.718258666992208
baseline,standard,20250842,500,10.719207763671902
baseline,standard,20250842,501,10.722119140625036
baseline,standard,20250842,502,10.722125244140646
baseline,standard,20250842,503,10.724810791015654
baseline,standard,20250842,504,10.726281738281287
baseline,standard,20250842,505,10.729028320312533
baseline,standard,20250842,506,10.732769775390656
baseline,standard,20250842,507,10.734216308593776
baseline,standard,20250842,508,10.734216308593776
baseline,standard,20250842,509,10.735742187500016
baseline,standard,20250842,510,10.735742187500016
baseline,standard,20250842,511,10.735742187500016
baseline,standard,20250842,512,10.735742187500016
baseline,standard,20250842,513,10.736376953125015
baseline,standard,20250842,514,10.736376953125015
baseline,standard,20250842,515,10.736376953125015
baseline,standard,20250842,516,10.736376953125015
baseline,standard,20250842,517,10.737017822265654
baseline,standard,20250842,518,10.737786865234385
baseline,standard,20250842,519,10.737786865234385
baseline,standard,20250842,520,10.737786865234385
baseline,standard,20250842,521,10.739312744140634
baseline,standard,20250842,522,10.742492675781264
baseline,standard,20250842,523,10.742492675781264
baseline,standard,20250842,524,10.742492675781264
baseline,standard,20250842,525,10.743353271484395
baseline,standard,20250842,526,10.745263671875009
baseline,standard,20250842,527,10.745263671875009
baseline,standard,20250842,528,10.74822387695315
baseline,standard,20250842,529,10.74822387695315
baseline,standard,20250842,530,10.749188232421886
baseline,standard,20250842,531,10.749188232421886
baseline,standard,20250842,532,10.750048828125024
baseline,standard,20250842,533,10.751898193359407
baseline,standard,20250842,534,10.753295898437523
baseline,standard,20250842,535,10.755035400390653
baseline,standard,20250842,536,10.756335449218778
baseline,standard,20250842,537,10.756335449218778
baseline,standard,20250842,538,10.756335449218778
baseline,standard,20250842,539,10.756591796875025
baseline,standard,20250842,540,10.756591796875025
baseline,standard,20250842,541,10.757153320312518
baseline,standard,20250842,542,10.759564208984397
baseline,standard,20250842,543,10.76052246093755
baseline,standard,20250842,544,10.761517333984406
baseline,standard,20250842,545,10.76337890625003
baseline,standard,20250842,546,10.764031982421903
baseline,standard,20250842,547,10.769293212890641
baseline,standard,20250842,548,10.773254394531271
baseline,standard,20250842,549,10.773254394531271
baseline,standard,20250842,550,10.773468017578159
baseline,standard,20250842,551,10.774450683593765
baseline,standard,20250842,552,10.774450683593765
baseline,standard,20250842,553,10.781121826171894
baseline,standard,20250842,554,10.781121826171894
baseline,standard,20250842,555,10.785180664062512
baseline,standard,20250842,556,10.785705566406278
baseline,standard,20250842,557,10.785705566406278
baseline,standard,20250842,558,10.785705566406278
baseline,standard,20250842,559,10.785705566406278
baseline,standard,20250842,560,10.786437988281282
baseline,standard,20250842,561,10.787463378906276
baseline,standard,20250842,562,10.787463378906276
baseline,standard,20250842,563,10.787463378906276
baseline,standard,20250842,564,10.789910888671898
baseline,standard,20250842,565,10.789910888671898
baseline,standard,20250842,566,10.789910888671898
baseline,standard,20250842,567,10.789910888671898
baseline,standard,20250842,568,10.789910888671898
baseline,standard,20250842,569,10.789910888671898
baseline,standard,20250842,570,10.789910888671898
baseline,standard,20250842,571,10.789910888671898
baseline,standard,20250842,572,10.791510009765645
baseline,standard,20250842,573,10.792010498046897
baseline,standard,20250842,574,10.792010498046897
baseline,standard,20250842,575,10.792010498046897
baseline,standard,20250842,576,10.792010498046897
baseline,standard,20250842,577,10.793212890625028
baseline,standard,20250842,578,10.799798583984408
baseline,standard,20250842,579,10.800964355468771
baseline,standard,20250842,580,10.80278320312503
baseline,standard,20250842,581,10.80278320312503
baseline,standard,20250842,582,10.80278320312503
baseline,standard,20250842,583,10.80278320312503
baseline,standard,20250842,584,10.80278320312503
baseline,standard,20250842,585,10.80479125976565
baseline,standard,20250842,586,10.80479125976565
baseline,standard,20250842,587,10.80535278320314
baseline,standard,20250842,588,10.806066894531272
baseline,standard,20250842,589,10.806066894531272
baseline,standard,20250842,590,10.8077819824219
baseline,standard,20250842,591,10.8077819824219
baseline,standard,20250842,592,10.8077819824219
baseline,standard,20250842,593,10.8077819824219
baseline,standard,20250842,594,10.8077819824219
baseline,standard,20250842,595,10.8077819824219
baseline,standard,20250842,596,10.8077819824219
baseline,standard,20250842,597,10.809100341796887
baseline,standard,20250842,598,10.811828613281282
baseline,standard,20250842,599,10.811828613281282
baseline,standard,20250842,600,10.812554931640644
baseline,standard,20250842,601,10.814758300781278
baseline,standard,20250842,602,10.814758300781278
baseline,standard,20250842,603,10.814758300781278
baseline,standard,20250842,604,10.814758300781278
baseline,standard,20250842,605,10.814758300781278
baseline,standard,20250842,606,10.814758300781278
baseline,standard,20250842,607,10.818469238281276
baseline,standard,20250842,608,10.824847412109392
baseline,standard,20250842,609,10.824847412109392
baseline,standard,20250842,610,10.829199218750016
baseline,standard,20250842,611,10.829199218750016
baseline,standard,20250842,612,10.829199218750016
baseline,standard,20250842,613,10.83273925781251
baseline,standard,20250842,614,10.83273925781251
baseline,standard,20250842,615,10.83273925781251
baseline,standard,20250842,616,10.844018554687523
baseline,standard,20250842,617,10.847259521484403
baseline,standard,20250842,618,10.847259521484403
baseline,standard,20250842,619,10.852703857421904
baseline,standard,20250842,620,10.852703857421904
baseline,standard,20250842,621,10.852703857421904
baseline,standard,20250842,622,10.852703857421904
baseline,standard,20250842,623,10.859777832031273
baseline,standard,20250842,624,10.871679687500015
baseline,standard,20250842,625,10.873400878906278
baseline,standard,20250842,626,10.882586669921881
baseline,standard,20250842,627,10.882586669921881
baseline,standard,20250842,628,10.882586669921881
baseline,standard,20250842,629,10.882586669921881
baseline,standard,20250842,630,10.882586669921881
baseline,standard,20250842,631,10.882586669921881
baseline,standard,20250842,632,10.884722900390644
baseline,standard,20250842,633,10.884722900390644
baseline,standard,20250842,634,10.885528564453146
baseline,standard,20250842,635,10.890075683593782
baseline,standard,20250842,636,10.890075683593782
baseline,standard,20250842,637,10.901275634765636
baseline,standard,20250842,638,10.902056884765633
baseline,standard,20250842,639,10.902056884765633
baseline,standard,20250842,640,10.902056884765633
baseline,standard,20250842,641,10.904193115234378
baseline,standard,20250842,642,10.904193115234378
baseline,standard,20250842,643,10.904193115234378
baseline,standard,20250842,644,10.90451049804688
baseline,standard,20250842,645,10.90451049804688
baseline,standard,20250842,646,10.905441284179709
baseline,standard,20250842,647,10.90994873046876
baseline,standard,20250842,648,10.915936279296892
baseline,standard,20250842,649,10.924731445312531
baseline,standard,20250842,650,10.924731445312531
baseline,standard,20250842,651,10.931188964843786
baseline,standard,20250842,652,10.931188964843786
baseline,standard,20250842,653,10.931188964843786
baseline,standard,20250842,654,10.931188964843786
baseline,standard,20250842,655,10.931188964843786
baseline,standard,20250842,656,10.931188964843786
baseline,standard,20250842,657,10.931188964843786
baseline,standard,20250842,658,10.931188964843786
baseline,standard,20250842,659,10.932623291015638
baseline,standard,20250842,660,10.932623291015638
baseline,standard,20250842,661,10.939086914062512
baseline,standard,20250842,662,10.93990478515628
baseline,standard,20250842,663,10.940582275390655
baseline,standard,20250842,664,10.940582275390655
baseline,standard,20250842,665,10.948596191406278
baseline,standard,20250842,666,10.948596191406278
baseline,standard,20250842,667,10.948596191406278
baseline,standard,20250842,668,10.949975585937516
baseline,standard,20250842,669,10.950195312500014
baseline,standard,20250842,670,10.950518798828146
baseline,standard,20250842,671,10.953002929687509
baseline,standard,20250842,672,10.953002929687509
baseline,standard,20250842,673,10.953002929687509
baseline,standard,20250842,674,10.953002929687509
baseline,standard,20250842,675,10.953002929687509
baseline,standard,20250842,676,10.953002929687509
baseline,standard,20250842,677,10.954187011718794
baseline,standard,20250842,678,10.954187011718794
baseline,standard,20250842,679,10.954187011718794
baseline,standard,20250842,680,10.956475830078169
baseline,standard,20250842,681,10.958355712890642
baseline,standard,20250842,682,10.958355712890642
baseline,standard,20250842,683,10.958355712890642
baseline,standard,20250842,684,10.959570312500034
baseline,standard,20250842,685,10.960241699218777
baseline,standard,20250842,686,10.960241699218777
baseline,standard,20250842,687,10.960241699218777
baseline,standard,20250842,688,10.96065063476566
baseline,standard,20250842,689,10.96065063476566
baseline,standard,20250842,690,10.96065063476566
baseline,standard,20250842,691,10.962512207031278
baseline,standard,20250842,692,10.962512207031278
baseline,standard,20250842,693,10.962512207031278
baseline,standard,20250842,694,10.96468505859378
baseline,standard,20250842,695,10.96468505859378
baseline,standard,20250842,696,10.967175292968786
baseline,standard,20250842,697,10.967565917968761
baseline,standard,20250842,698,10.967565917968761
baseline,standard,20250842,699,10.967565917968761
baseline,standard,20250842,700,10.967706298828151
baseline,standard,20250842,701,10.969036865234402
baseline,standard,20250842,702,10.969036865234402
baseline,standard,20250842,703,10.969036865234402
baseline,standard,20250842,704,10.969036865234402
baseline,standard,20250842,705,10.97069091796877
baseline,standard,20250842,706,10.97069091796877
baseline,standard,20250842,707,10.97069091796877
baseline,standard,20250842,708,10.971441650390634
baseline,standard,20250842,709,10.971441650390634
baseline,standard,20250842,710,10.971441650390634
baseline,standard,20250842,711,10.971441650390634
baseline,standard,20250842,712,10.971441650390634
baseline,standard,20250842,713,10.971875000000036
baseline,standard,20250842,714,10.972729492187526
baseline,standard,20250842,715,10.972729492187526
baseline,standard,20250842,716,10.972729492187526
baseline,standard,20250842,717,10.97295532226564
baseline,standard,20250842,718,10.97295532226564
baseline,standard,20250842,719,10.973114013671907
baseline,standard,20250842,720,10.975750732421899
baseline,standard,20250842,721,10.975750732421899
baseline,standard,20250842,722,10.975750732421899
baseline,standard,20250842,723,10.976495361328155
baseline,standard,20250842,724,10.9773376464844
baseline,standard,20250842,725,10.978631591796896
baseline,standard,20250842,726,10.982873535156283
baseline,standard,20250842,727,10.982873535156283
baseline,standard,20250842,728,10.982873535156283
baseline,standard,20250842,729,10.982873535156283
baseline,standard,20250842,730,10.982873535156283
baseline,standard,20250842,731,10.982873535156283
baseline,standard,20250842,732,10.983367919921912
baseline,standard,20250842,733,10.984558105468773
baseline,standard,20250842,734,10.984558105468773
baseline,standard,20250842,735,10.986865234375028
baseline,standard,20250842,736,10.986865234375028
baseline,standard,20250842,737,10.9902038574219
baseline,standard,20250842,738,10.9902038574219
baseline,standard,20250842,739,10.9902038574219
baseline,standard,20250842,740,10.991687011718778
baseline,standard,20250842,741,10.991687011718778
baseline,standard,20250842,742,10.991687011718778
baseline,standard,20250842,743,10.9955749511719
baseline,standard,20250842,744,10.9955749511719
baseline,standard,20250842,745,10.9955749511719
baseline,standard,20250842,746,10.9955749511719
baseline,standard,20250842,747,10.995690917968767
baseline,standard,20250842,748,10.996313476562515
baseline,standard,20250842,749,10.996313476562515
baseline,standard,20250842,750,10.996313476562515
baseline,standard,20250842,751,10.999279785156268
baseline,standard,20250842,752,11.003967285156282
baseline,standard,20250842,753,11.005804443359402
baseline,standard,20250842,754,11.006439208984403
baseline,standard,20250842,755,11.006439208984403
baseline,standard,20250842,756,11.009100341796914
baseline,standard,20250842,757,11.010620117187527
baseline,standard,20250842,758,11.010620117187527
baseline,standard,20250842,759,11.010620117187527
baseline,standard,20250842,760,11.010620117187527
baseline,standard,20250842,761,11.01192016601566
baseline,standard,20250842,762,11.01192016601566
baseline,standard,20250842,763,11.014825439453158
baseline,standard,20250842,764,11.015213012695334
baseline,standard,20250842,765,11.015213012695334
baseline,standard,20250842,766,11.015213012695334
baseline,standard,20250842,767,11.015213012695334
baseline,standard,20250842,768,11.015213012695334
baseline,standard,20250842,769,11.016729736328159
baseline,standard,20250842,770,11.016729736328159
baseline,standard,20250842,771,11.016729736328159
baseline,standard,20250842,772,11.016729736328159
baseline,standard,20250842,773,11.016729736328159
baseline,standard,20250842,774,11.017407226562527
baseline,standard,20250842,775,11.024584960937528
baseline,standard,20250842,776,11.026867675781263
baseline,standard,20250842,777,11.033148193359393
baseline,standard,20250842,778,11.034448242187523
baseline,standard,20250842,779,11.037945556640642
baseline,standard,20250842,780,11.037945556640642
baseline,standard,20250842,781,11.037945556640642
baseline,standard,20250842,782,11.044580078125026
baseline,standard,20250842,783,11.044580078125026
baseline,standard,20250842,784,11.044580078125026
baseline,standard,20250842,785,11.044580078125026
baseline,standard,20250842,786,11.0456726074219
baseline,standard,20250842,787,11.0456726074219
baseline,standard,20250842,788,11.0456726074219
baseline,standard,20250842,789,11.0456726074219
baseline,standard,20250842,790,11.0456726074219
baseline,standard,20250842,791,11.0456726074219
baseline,standard,20250842,792,11.0456726074219
baseline,standard,20250842,793,11.0456726074219
baseline,standard,20250842,794,11.0456726074219
baseline,standard,20250842,795,11.0456726074219
baseline,standard,20250842,796,11.0456726074219
baseline,standard,20250842,797,11.047497558593781
baseline,standard,20250842,798,11.047497558593781
baseline,standard,20250842,799,11.052130126953147
baseline,standard,20250842,800,11.056649780273453
baseline,standard,20250842,801,11.056649780273453
baseline,standard,20250842,802,11.056649780273453
baseline,standard,20250842,803,11.056649780273453
baseline,standard,20250842,804,11.056649780273453
baseline,standard,20250842,805,11.056649780273453
baseline,standard,20250842,806,11.056649780273453
baseline,standard,20250842,807,11.057421875000031
baseline,standard,20250842,808,11.057421875000031
baseline,standard,20250842,809,11.058715820312521
baseline,standard,20250842,810,11.06490173339845
baseline,standard,20250842,811,11.06490173339845
baseline,standard,20250842,812,11.074353027343765
baseline,standard,20250842,813,11.074353027343765
baseline,standard,20250842,814,11.074353027343765
baseline,standard,20250842,815,11.074353027343765
baseline,standard,20250842,816,11.074353027343765
baseline,standard,20250842,817,11.081188964843776
baseline,standard,20250842,818,11.085797119140667
baseline,standard,20250842,819,11.086138916015644
baseline,standard,20250842,820,11.08652343750003
baseline,standard,20250842,821,11.094226074218787
baseline,standard,20250842,822,11.095806884765661
baseline,standard,20250842,823,11.097131347656273
baseline,standard,20250842,824,11.101483154296904
baseline,standard,20250842,825,11.102136230468771
baseline,standard,20250842,826,11.102136230468771
baseline,standard,20250842,827,11.108276367187507
baseline,standard,20250842,828,11.11011962890627
baseline,standard,20250842,829,11.116644287109406
baseline,standard,20250842,830,11.136032104492209
baseline,standard,20250842,831,11.136032104492209
baseline,standard,20250842,832,11.14835205078128
baseline,standard,20250842,833,11.14835205078128
baseline,standard,20250842,834,11.14835205078128
baseline,standard,20250842,835,11.14835205078128
baseline,standard,20250842,836,11.14835205078128
baseline,standard,20250842,837,11.155731201171898
baseline,standard,20250842,838,11.155731201171898
baseline,standard,20250842,839,11.16885375976566
baseline,standard,20250842,840,11.16885375976566
baseline,standard,20250842,841,11.16885375976566
baseline,standard,20250842,842,11.16885375976566
baseline,standard,20250842,843,11.16885375976566
baseline,standard,20250842,844,11.16885375976566
baseline,standard,20250842,845,11.170172119140652
baseline,standard,20250842,846,11.171411132812533
baseline,standard,20250842,847,11.171411132812533
baseline,standard,20250842,848,11.171411132812533
baseline,standard,20250842,849,11.171411132812533
baseline,standard,20250842,850,11.175390625000025
baseline,standard,20250842,851,11.178527832031262
baseline,standard,20250842,852,11.178527832031262
baseline,standard,20250842,853,11.178527832031262
baseline,standard,20250842,854,11.18157958984378
baseline,standard,20250842,855,11.18157958984378
baseline,standard,20250842,856,11.18157958984378
baseline,standard,20250842,857,11.18157958984378
baseline,standard,20250842,858,11.182580566406271
baseline,standard,20250842,859,11.182580566406271
baseline,standard,20250842,860,11.182580566406271
baseline,standard,20250842,861,11.182580566406271
baseline,standard,20250842,862,11.182580566406271
baseline,standard,20250842,863,11.187817382812524
baseline,standard,20250842,864,11.187817382812524
baseline,standard,20250842,865,11.187860107421887
baseline,standard,20250842,866,11.19400024414065
baseline,standard,20250842,867,11.19400024414065
baseline,standard,20250842,868,11.19400024414065
baseline,standard,20250842,869,11.195111083984305
baseline,standard,20250842,870,11.195111083984305
baseline,standard,20250842,871,11.199023437500028
baseline,standard,20250842,872,11.203057861328155
baseline,standard,20250842,873,11.205187988281278
baseline,standard,20250842,874,11.205187988281278
baseline,standard,20250842,875,11.205383300781277
baseline,standard,20250842,876,11.205383300781277
baseline,standard,20250842,877,11.206335449218773
baseline,standard,20250842,878,11.206335449218773
baseline,standard,20250842,879,11.2078796386719
baseline,standard,20250842,880,11.209484863281286
baseline,standard,20250842,881,11.218395996093767
baseline,standard,20250842,882,11.218395996093767
baseline,standard,20250842,883,11.222222900390651
baseline,standard,20250842,884,11.225915527343771
baseline,standard,20250842,885,11.228039550781277
baseline,standard,20250842,886,11.229443359375026
baseline,standard,20250842,887,11.239019775390656
baseline,standard,20250842,888,11.239019775390656
baseline,standard,20250842,889,11.240490722656268
baseline,standard,20250842,890,11.243859863281276
baseline,standard,20250842,891,11.243859863281276
baseline,standard,20250842,892,11.243859863281276
baseline,standard,20250842,893,11.243859863281276
baseline,standard,20250842,894,11.243859863281276
baseline,standard,20250842,895,11.243859863281276
baseline,standard,20250842,896,11.243859863281276
baseline,standard,20250842,897,11.251092529296907
baseline,standard,20250842,898,11.251092529296907
baseline,standard,20250842,899,11.252227783203132
baseline,standard,20250842,900,11.252227783203132
baseline,standard,20250843,1,9.82149658203127
baseline,standard,20250843,2,9.826837158203126
baseline,standard,20250843,3,9.827795410156257
baseline,standard,20250843,4,9.831066894531254
baseline,standard,20250843,5,9.842425537109378
baseline,standard,20250843,6,9.844622802734392
baseline,standard,20250843,7,9.844921875
baseline,standard,20250843,8,9.844921875
baseline,standard,20250843,9,9.84503173828127
baseline,standard,20250843,10,9.84503173828127
baseline,standard,20250843,11,9.846612548828128
baseline,standard,20250843,12,9.846612548828128
baseline,standard,20250843,13,9.846612548828128
baseline,standard,20250843,14,9.846612548828128
baseline,standard,20250843,15,9.846612548828128
baseline,standard,20250843,16,9.846612548828128
baseline,standard,20250843,17,9.84715576171876
baseline,standard,20250843,18,9.847503662109393
baseline,standard,20250843,19,9.84758300781251
baseline,standard,20250843,20,9.84758300781251
baseline,standard,20250843,21,9.848156738281261
baseline,standard,20250843,22,9.850122070312498
baseline,standard,20250843,23,9.850122070312498
baseline,standard,20250843,24,9.850274658203134
baseline,standard,20250843,25,9.850830078125004
baseline,standard,20250843,26,9.851440429687518
baseline,standard,20250843,27,9.851440429687518
baseline,standard,20250843,28,9.852478027343748
baseline,standard,20250843,29,9.853546142578125
baseline,standard,20250843,30,9.853546142578125
baseline,standard,20250843,31,9.853710937500011
baseline,standard,20250843,32,9.854272460937523
baseline,standard,20250843,33,9.854272460937523
baseline,standard,20250843,34,9.854272460937523
baseline,standard,20250843,35,9.854272460937523
baseline,standard,20250843,36,9.854272460937523
baseline,standard,20250843,37,9.854272460937523
baseline,standard,20250843,38,9.854272460937523
baseline,standard,20250843,39,9.854571533203126
baseline,standard,20250843,40,9.854571533203126
baseline,standard,20250843,41,9.854571533203126
baseline,standard,20250843,42,9.855456542968764
baseline,standard,20250843,43,9.855712890625009
baseline,standard,20250843,44,9.857666015625004
baseline,standard,20250843,45,9.85831909179689
baseline,standard,20250843,46,9.8589111328125
baseline,standard,20250843,47,9.859472656250004
baseline,standard,20250843,48,9.860455322265627
baseline,standard,20250843,49,9.860455322265627
baseline,standard,20250843,50,9.860455322265627
baseline,standard,20250843,51,9.86047363281248
baseline,standard,20250843,52,9.860742187500001
baseline,standard,20250843,53,9.860742187500001
baseline,standard,20250843,54,9.861859130859372
baseline,standard,20250843,55,9.861859130859372
baseline,standard,20250843,56,9.86193237304688
baseline,standard,20250843,57,9.863079833984367
baseline,standard,20250843,58,9.863751220703136
baseline,standard,20250843,59,9.866101074218756
baseline,standard,20250843,60,9.866101074218756
baseline,standard,20250843,61,9.867065429687507
baseline,standard,20250843,62,9.867260742187508
baseline,standard,20250843,63,9.868463134765646
baseline,standard,20250843,64,9.869689941406262
baseline,standard,20250843,65,9.871252441406256
baseline,standard,20250843,66,9.871252441406256
baseline,standard,20250843,67,9.871252441406256
baseline,standard,20250843,68,9.874981689453133
baseline,standard,20250843,69,9.874981689453133
baseline,standard,20250843,70,9.874981689453133
baseline,standard,20250843,71,9.874981689453133
baseline,standard,20250843,72,9.874981689453133
baseline,standard,20250843,73,9.874981689453133
baseline,standard,20250843,74,9.875030517578118
baseline,standard,20250843,75,9.875030517578118
baseline,standard,20250843,76,9.875030517578118
baseline,standard,20250843,77,9.875656127929684
baseline,standard,20250843,78,9.877526855468759
baseline,standard,20250843,79,9.877526855468759
baseline,standard,20250843,80,9.877655029296879
baseline,standard,20250843,81,9.877655029296879
baseline,standard,20250843,82,9.877655029296879
baseline,standard,20250843,83,9.877655029296879
baseline,standard,20250843,84,9.877655029296879
baseline,standard,20250843,85,9.877655029296879
baseline,standard,20250843,86,9.879174804687498
baseline,standard,20250843,87,9.880657958984393
baseline,standard,20250843,88,9.880657958984393
baseline,standard,20250843,89,9.880657958984393
baseline,standard,20250843,90,9.880657958984393
baseline,standard,20250843,91,9.881762695312492
baseline,standard,20250843,92,9.881762695312492
baseline,standard,20250843,93,9.883843994140618
baseline,standard,20250843,94,9.883843994140618
baseline,standard,20250843,95,9.883843994140618
baseline,standard,20250843,96,9.883843994140618
baseline,standard,20250843,97,9.883843994140618
baseline,standard,20250843,98,9.883843994140618
baseline,standard,20250843,99,9.883843994140618
baseline,standard,20250843,100,9.884368896484379
baseline,standard,20250843,101,9.884368896484379
baseline,standard,20250843,102,9.884368896484379
baseline,standard,20250843,103,9.885192871093741
baseline,standard,20250843,104,9.885430908203132
baseline,standard,20250843,105,9.885430908203132
baseline,standard,20250843,106,9.886462402343753
baseline,standard,20250843,107,9.888027954101563
baseline,standard,20250843,108,9.888027954101563
baseline,standard,20250843,109,9.88919677734373
baseline,standard,20250843,110,9.893438720703127
baseline,standard,20250843,111,9.893762207031255
baseline,standard,20250843,112,9.894958496093752
baseline,standard,20250843,113,9.896246337890645
baseline,standard,20250843,114,9.896246337890645
baseline,standard,20250843,115,9.901300048828132
baseline,standard,20250843,116,9.901379394531247
baseline,standard,20250843,117,9.904162597656253
baseline,standard,20250843,118,9.904516601562506
baseline,standard,20250843,119,9.905120849609371
baseline,standard,20250843,120,9.905120849609371
baseline,standard,20250843,121,9.906298828125
baseline,standard,20250843,122,9.907067871093755
baseline,standard,20250843,123,9.907635498046897
baseline,standard,20250843,124,9.910375976562506
baseline,standard,20250843,125,9.911999511718776
baseline,standard,20250843,126,9.911999511718776
baseline,standard,20250843,127,9.915850830078146
baseline,standard,20250843,128,9.92307739257813
baseline,standard,20250843,129,9.923858642578137
baseline,standard,20250843,130,9.923858642578137
baseline,standard,20250843,131,9.927172851562515
baseline,standard,20250843,132,9.927172851562515
baseline,standard,20250843,133,9.927172851562515
baseline,standard,20250843,134,9.927172851562515
baseline,standard,20250843,135,9.927172851562515
baseline,standard,20250843,136,9.927447509765635
baseline,standard,20250843,137,9.927447509765635
baseline,standard,20250843,138,9.927447509765635
baseline,standard,20250843,139,9.929284667968762
baseline,standard,20250843,140,9.929284667968762
baseline,standard,20250843,141,9.932913208007815
baseline,standard,20250843,142,9.932913208007815
baseline,standard,20250843,143,9.932913208007815
baseline,standard,20250843,144,9.935614013671884
baseline,standard,20250843,145,9.935748291015624
baseline,standard,20250843,146,9.935748291015624
baseline,standard,20250843,147,9.935748291015624
baseline,standard,20250843,148,9.938006591796864
baseline,standard,20250843,149,9.940270996093753
baseline,standard,20250843,150,9.942797851562506
baseline,standard,20250843,151,9.943157958984386
baseline,standard,20250843,152,9.943157958984386
baseline,standard,20250843,153,9.943713378906267
baseline,standard,20250843,154,9.943713378906267
baseline,standard,20250843,155,9.949240112304684
baseline,standard,20250843,156,9.950000000000006
baseline,standard,20250843,157,9.957855224609375
baseline,standard,20250843,158,9.957855224609375
baseline,standard,20250843,159,9.96409301757813
baseline,standard,20250843,160,9.9659912109375
baseline,standard,20250843,161,9.9659912109375
baseline,standard,20250843,162,9.9659912109375
baseline,standard,20250843,163,9.967675781250026
baseline,standard,20250843,164,9.967675781250026
baseline,standard,20250843,165,9.969415283203126
baseline,standard,20250843,166,9.97070312500001
baseline,standard,20250843,167,9.97070312500001
baseline,standard,20250843,168,9.97070312500001
baseline,standard,20250843,169,9.971331787109378
baseline,standard,20250843,170,9.971331787109378
baseline,standard,20250843,171,9.971331787109378
baseline,standard,20250843,172,9.971331787109378
baseline,standard,20250843,173,9.971331787109378
baseline,standard,20250843,174,9.971331787109378
baseline,standard,20250843,175,9.971331787109378
baseline,standard,20250843,176,9.971331787109378
baseline,standard,20250843,177,9.97357177734376
baseline,standard,20250843,178,9.976336669921881
baseline,standard,20250843,179,9.976336669921881
baseline,standard,20250843,180,9.976336669921881
baseline,standard,20250843,181,9.976336669921881
baseline,standard,20250843,182,9.976336669921881
baseline,standard,20250843,183,9.976336669921881
baseline,standard,20250843,184,9.977102661132822
baseline,standard,20250843,185,9.977102661132822
baseline,standard,20250843,186,9.977102661132822
baseline,standard,20250843,187,9.98153686523439
baseline,standard,20250843,188,9.989831542968766
baseline,standard,20250843,189,9.991436767578143
baseline,standard,20250843,190,9.991436767578143
baseline,standard,20250843,191,9.996185302734386
baseline,standard,20250843,192,9.996185302734386
baseline,standard,20250843,193,9.996185302734386
baseline,standard,20250843,194,9.997351074218756
baseline,standard,20250843,195,9.998901367187495
baseline,standard,20250843,196,9.998901367187495
baseline,standard,20250843,197,10.003808593750023
baseline,standard,20250843,198,10.004821777343762
baseline,standard,20250843,199,10.011950683593764
baseline,standard,20250843,200,10.011950683593764
baseline,standard,20250843,201,10.01290283203125
baseline,standard,20250843,202,10.024615478515654
baseline,standard,20250843,203,10.024615478515654
baseline,standard,20250843,204,10.024615478515654
baseline,standard,20250843,205,10.024615478515654
baseline,standard,20250843,206,10.027246093750016
baseline,standard,20250843,207,10.027246093750016
baseline,standard,20250843,208,10.027246093750016
baseline,standard,20250843,209,10.036938476562504
baseline,standard,20250843,210,10.036938476562504
baseline,standard,20250843,211,10.036938476562504
baseline,standard,20250843,212,10.036938476562504
baseline,standard,20250843,213,10.036938476562504
baseline,standard,20250843,214,10.043206787109394
baseline,standard,20250843,215,10.043206787109394
baseline,standard,20250843,216,10.044158935546879
baseline,standard,20250843,217,10.047546386718768
baseline,standard,20250843,218,10.049780273437499
baseline,standard,20250843,219,10.061346435546895
baseline,standard,20250843,220,10.061346435546895
baseline,standard,20250843,221,10.062115478515643
baseline,standard,20250843,222,10.062115478515643
baseline,standard,20250843,223,10.068579101562506
baseline,standard,20250843,224,10.068579101562506
baseline,standard,20250843,225,10.068579101562506
baseline,standard,20250843,226,10.068579101562506
baseline,standard,20250843,227,10.068579101562506
baseline,standard,20250843,228,10.069302368164063
baseline,standard,20250843,229,10.069348144531267
baseline,standard,20250843,230,10.071026611328127
baseline,standard,20250843,231,10.071026611328127
baseline,standard,20250843,232,10.071026611328127
baseline,standard,20250843,233,10.073876953125
baseline,standard,20250843,234,10.074676513671902
baseline,standard,20250843,235,10.075140380859375
baseline,standard,20250843,236,10.075140380859375
baseline,standard,20250843,237,10.075140380859375
baseline,standard,20250843,238,10.075140380859375
baseline,standard,20250843,239,10.075140380859375
baseline,standard,20250843,240,10.075140380859375
baseline,standard,20250843,241,10.075415039062513
baseline,standard,20250843,242,10.07603759765627
baseline,standard,20250843,243,10.07603759765627
baseline,standard,20250843,244,10.07603759765627
baseline,standard,20250843,245,10.076385498046903
baseline,standard,20250843,246,10.076385498046903
baseline,standard,20250843,247,10.076928710937501
baseline,standard,20250843,248,10.076928710937501
baseline,standard,20250843,249,10.076928710937501
baseline,standard,20250843,250,10.077062988281256
baseline,standard,20250843,251,10.077062988281256
baseline,standard,20250843,252,10.077062988281256
baseline,standard,20250843,253,10.077062988281256
baseline,standard,20250843,254,10.082354736328117
baseline,standard,20250843,255,10.082354736328117
baseline,standard,20250843,256,10.082354736328117
baseline,standard,20250843,257,10.084356689453124
baseline,standard,20250843,258,10.090582275390624
baseline,standard,20250843,259,10.106219482421885
baseline,standard,20250843,260,10.10977478027344
baseline,standard,20250843,261,10.120916748046888
baseline,standard,20250843,262,10.125775146484406
baseline,standard,20250843,263,10.13496704101564
baseline,standard,20250843,264,10.13496704101564
baseline,standard,20250843,265,10.13496704101564
baseline,standard,20250843,266,10.136770629882825
baseline,standard,20250843,267,10.136770629882825
baseline,standard,20250843,268,10.136770629882825
baseline,standard,20250843,269,10.139816284179688
baseline,standard,20250843,270,10.146325683593753
baseline,standard,20250843,271,10.149499511718762
baseline,standard,20250843,272,10.149499511718762
baseline,standard,20250843,273,10.150451660156277
baseline,standard,20250843,274,10.151574707031266
baseline,standard,20250843,275,10.151574707031266
baseline,standard,20250843,276,10.151904296875001
baseline,standard,20250843,277,10.163244628906266
baseline,standard,20250843,278,10.17254028320312
baseline,standard,20250843,279,10.17254028320312
baseline,standard,20250843,280,10.177783203125014
baseline,standard,20250843,281,10.1789306640625
baseline,standard,20250843,282,10.189422607421868
baseline,standard,20250843,283,10.192041015625026
baseline,standard,20250843,284,10.197937011718764
baseline,standard,20250843,285,10.201269531250013
baseline,standard,20250843,286,10.202301025390636
baseline,standard,20250843,287,10.225042724609398
baseline,standard,20250843,288,10.230395507812505
baseline,standard,20250843,289,10.240948486328147
baseline,standard,20250843,290,10.264392089843756
baseline,standard,20250843,291,10.264392089843756
baseline,standard,20250843,292,10.264392089843756
baseline,standard,20250843,293,10.264392089843756
baseline,standard,20250843,294,10.280297851562516
baseline,standard,20250843,295,10.280297851562516
baseline,standard,20250843,296,10.280297851562516
baseline,standard,20250843,297,10.280297851562516
baseline,standard,20250843,298,10.280297851562516
baseline,standard,20250843,299,10.280297851562516
baseline,standard,20250843,300,10.285156250000028
baseline,standard,20250843,301,10.286254882812514
baseline,standard,20250843,302,10.286254882812514
baseline,standard,20250843,303,10.286254882812514
baseline,standard,20250843,304,10.291955566406271
baseline,standard,20250843,305,10.291955566406271
baseline,standard,20250843,306,10.291955566406271
baseline,standard,20250843,307,10.291955566406271
baseline,standard,20250843,308,10.299127197265634
baseline,standard,20250843,309,10.299127197265634
baseline,standard,20250843,310,10.299127197265634
baseline,standard,20250843,311,10.299127197265634
baseline,standard,20250843,312,10.299127197265634
baseline,standard,20250843,313,10.300723266601574
baseline,standard,20250843,314,10.304025268554701
baseline,standard,20250843,315,10.304025268554701
baseline,standard,20250843,316,10.308081054687513
baseline,standard,20250843,317,10.308221435546887
baseline,standard,20250843,318,10.31378173828125
baseline,standard,20250843,319,10.31378173828125
baseline,standard,20250843,320,10.31378173828125
baseline,standard,20250843,321,10.31378173828125
baseline,standard,20250843,322,10.31378173828125
baseline,standard,20250843,323,10.31378173828125
baseline,standard,20250843,324,10.31378173828125
baseline,standard,20250843,325,10.31378173828125
baseline,standard,20250843,326,10.315081787109378
baseline,standard,20250843,327,10.322698974609384
baseline,standard,20250843,328,10.322698974609384
baseline,standard,20250843,329,10.322698974609384
baseline,standard,20250843,330,10.322698974609384
baseline,standard,20250843,331,10.322698974609384
baseline,standard,20250843,332,10.329858398437509
baseline,standard,20250843,333,10.335260009765626
baseline,standard,20250843,334,10.335260009765626
baseline,standard,20250843,335,10.335260009765626
baseline,standard,20250843,336,10.336291503906256
baseline,standard,20250843,337,10.33728027343752
baseline,standard,20250843,338,10.33728027343752
baseline,standard,20250843,339,10.338012695312521
baseline,standard,20250843,340,10.338012695312521
baseline,standard,20250843,341,10.33810424804691
baseline,standard,20250843,342,10.33810424804691
baseline,standard,20250843,343,10.33810424804691
baseline,standard,20250843,344,10.33810424804691
baseline,standard,20250843,345,10.33810424804691
baseline,standard,20250843,346,10.33810424804691
baseline,standard,20250843,347,10.33810424804691
baseline,standard,20250843,348,10.345196533203124
baseline,standard,20250843,349,10.349090576171884
baseline,standard,20250843,350,10.351751708984404
baseline,standard,20250843,351,10.367938232421881
baseline,standard,20250843,352,10.368182373046881
baseline,standard,20250843,353,10.380999755859389
baseline,standard,20250843,354,10.38148803710939
baseline,standard,20250843,355,10.383660888671894
baseline,standard,20250843,356,10.388281250000025
baseline,standard,20250843,357,10.388281250000025
baseline,standard,20250843,358,10.388281250000025
baseline,standard,20250843,359,10.391491699218772
baseline,standard,20250843,360,10.391491699218772
baseline,standard,20250843,361,10.393969726562492
baseline,standard,20250843,362,10.394476318359382
baseline,standard,20250843,363,10.397802734375006
baseline,standard,20250843,364,10.403887939453135
baseline,standard,20250843,365,10.403887939453135
baseline,standard,20250843,366,10.424725341796902
baseline,standard,20250843,367,10.424725341796902
baseline,standard,20250843,368,10.424725341796902
baseline,standard,20250843,369,10.425231933593771
baseline,standard,20250843,370,10.425231933593771
baseline,standard,20250843,371,10.426745605468755
baseline,standard,20250843,372,10.427783203124992
baseline,standard,20250843,373,10.427783203124992
baseline,standard,20250843,374,10.427783203124992
baseline,standard,20250843,375,10.427783203124992
baseline,standard,20250843,376,10.427783203124992
baseline,standard,20250843,377,10.427783203124992
baseline,standard,20250843,378,10.427783203124992
baseline,standard,20250843,379,10.427783203124992
baseline,standard,20250843,380,10.427783203124992
baseline,standard,20250843,381,10.427783203124992
baseline,standard,20250843,382,10.427783203124992
baseline,standard,20250843,383,10.427783203124992
baseline,standard,20250843,384,10.427783203124992
baseline,standard,20250843,385,10.427783203124992
baseline,standard,20250843,386,10.427783203124992
baseline,standard,20250843,387,10.427923583984382
baseline,standard,20250843,388,10.427923583984382
baseline,standard,20250843,389,10.429711914062516
baseline,standard,20250843,390,10.43151855468751
baseline,standard,20250843,391,10.431726074218764
baseline,standard,20250843,392,10.431726074218764
baseline,standard,20250843,393,10.431835937500018
baseline,standard,20250843,394,10.431835937500018
baseline,standard,20250843,395,10.431835937500018
baseline,standard,20250843,396,10.431835937500018
baseline,standard,20250843,397,10.432141113281267
baseline,standard,20250843,398,10.433129882812501
baseline,standard,20250843,399,10.434393310546884
baseline,standard,20250843,400,10.434393310546884
baseline,standard,20250843,401,10.43590087890627
baseline,standard,20250843,402,10.438299560546888
baseline,standard,20250843,403,10.439147949218771
baseline,standard,20250843,404,10.441333007812506
baseline,standard,20250843,405,10.441333007812506
baseline,standard,20250843,406,10.441333007812506
baseline,standard,20250843,407,10.441333007812506
baseline,standard,20250843,408,10.442840576171895
baseline,standard,20250843,409,10.44312744140628
baseline,standard,20250843,410,10.443750000000012
baseline,standard,20250843,411,10.443750000000012
baseline,standard,20250843,412,10.44749755859377
baseline,standard,20250843,413,10.451959228515648
baseline,standard,20250843,414,10.451959228515648
baseline,standard,20250843,415,10.454858398437517
baseline,standard,20250843,416,10.456646728515636
baseline,standard,20250843,417,10.456646728515636
baseline,standard,20250843,418,10.456646728515636
baseline,standard,20250843,419,10.456646728515636
baseline,standard,20250843,420,10.456646728515636
baseline,standard,20250843,421,10.457458496093775
baseline,standard,20250843,422,10.46044921875
baseline,standard,20250843,423,10.467572021484374
baseline,standard,20250843,424,10.469354248046887
baseline,standard,20250843,425,10.470678710937502
baseline,standard,20250843,426,10.47088012695313
baseline,standard,20250843,427,10.471929931640634
baseline,standard,20250843,428,10.471929931640634
baseline,standard,20250843,429,10.476818847656265
baseline,standard,20250843,430,10.476818847656265
baseline,standard,20250843,431,10.477728271484391
baseline,standard,20250843,432,10.480291748046904
baseline,standard,20250843,433,10.480291748046904
baseline,standard,20250843,434,10.481552124023459
baseline,standard,20250843,435,10.481552124023459
baseline,standard,20250843,436,10.481552124023459
baseline,standard,20250843,437,10.481552124023459
baseline,standard,20250843,438,10.483654785156254
baseline,standard,20250843,439,10.506164550781264
baseline,standard,20250843,440,10.52781372070314
baseline,standard,20250843,441,10.528839111328137
baseline,standard,20250843,442,10.528839111328137
baseline,standard,20250843,443,10.53433837890627
baseline,standard,20250843,444,10.53433837890627
baseline,standard,20250843,445,10.53433837890627
baseline,standard,20250843,446,10.53433837890627
baseline,standard,20250843,447,10.53433837890627
baseline,standard,20250843,448,10.53433837890627
baseline,standard,20250843,449,10.53433837890627
baseline,standard,20250843,450,10.53433837890627
baseline,standard,20250843,451,10.534387207031262
baseline,standard,20250843,452,10.534387207031262
baseline,standard,20250843,453,10.534387207031262
baseline,standard,20250843,454,10.53539428710938
baseline,standard,20250843,455,10.53539428710938
baseline,standard,20250843,456,10.53539428710938
baseline,standard,20250843,457,10.537878417968763
baseline,standard,20250843,458,10.537878417968763
baseline,standard,20250843,459,10.537878417968763
baseline,standard,20250843,460,10.537878417968763
baseline,standard,20250843,461,10.537878417968763
baseline,standard,20250843,462,10.537878417968763
baseline,standard,20250843,463,10.549114990234408
baseline,standard,20250843,464,10.556762695312523
baseline,standard,20250843,465,10.569506835937517
baseline,standard,20250843,466,10.579925537109396
baseline,standard,20250843,467,10.586340332031268
baseline,standard,20250843,468,10.586340332031268
baseline,standard,20250843,469,10.586825561523455
baseline,standard,20250843,470,10.586825561523455
baseline,standard,20250843,471,10.591082763671903
baseline,standard,20250843,472,10.591082763671903
baseline,standard,20250843,473,10.59910888671876
baseline,standard,20250843,474,10.60148315429688
baseline,standard,20250843,475,10.60148315429688
baseline,standard,20250843,476,10.60148315429688
baseline,standard,20250843,477,10.602441406250026
baseline,standard,20250843,478,10.602441406250026
baseline,standard,20250843,479,10.602441406250026
baseline,standard,20250843,480,10.602441406250026
baseline,standard,20250843,481,10.602441406250026
baseline,standard,20250843,482,10.602441406250026
baseline,standard,20250843,483,10.604156494140634
baseline,standard,20250843,484,10.604156494140634
baseline,standard,20250843,485,10.605584716796866
baseline,standard,20250843,486,10.605584716796866
baseline,standard,20250843,487,10.605584716796866
baseline,standard,20250843,488,10.607568359375007
baseline,standard,20250843,489,10.612268066406262
baseline,standard,20250843,490,10.612268066406262
baseline,standard,20250843,491,10.612268066406262
baseline,standard,20250843,492,10.612268066406262
baseline,standard,20250843,493,10.612268066406262
baseline,standard,20250843,494,10.612384033203146
baseline,standard,20250843,495,10.61601562500002
baseline,standard,20250843,496,10.61601562500002
baseline,standard,20250843,497,10.61788940429691
baseline,standard,20250843,498,10.61788940429691
baseline,standard,20250843,499,10.61788940429691
baseline,standard,20250843,500,10.620950317382832
baseline,standard,20250843,501,10.62260131835939
baseline,standard,20250843,502,10.627383422851569
baseline,standard,20250843,503,10.629534912109385
baseline,standard,20250843,504,10.634179687500007
baseline,standard,20250843,505,10.64708251953127
baseline,standard,20250843,506,10.649847412109382
baseline,standard,20250843,507,10.655383300781262
baseline,standard,20250843,508,10.656549072265662
baseline,standard,20250843,509,10.656549072265662
baseline,standard,20250843,510,10.668041992187508
baseline,standard,20250843,511,10.66929321289064
baseline,standard,20250843,512,10.67092895507815
baseline,standard,20250843,513,10.674328613281261
baseline,standard,20250843,514,10.674328613281261
baseline,standard,20250843,515,10.674328613281261
baseline,standard,20250843,516,10.675646972656262
baseline,standard,20250843,517,10.677801513671884
baseline,standard,20250843,518,10.678247070312516
baseline,standard,20250843,519,10.678247070312516
baseline,standard,20250843,520,10.681890869140664
baseline,standard,20250843,521,10.681890869140664
baseline,standard,20250843,522,10.681890869140664
baseline,standard,20250843,523,10.681890869140664
baseline,standard,20250843,524,10.681890869140664
baseline,standard,20250843,525,10.683050537109398
baseline,standard,20250843,526,10.683050537109398
baseline,standard,20250843,527,10.683050537109398
baseline,standard,20250843,528,10.684936523437521
baseline,standard,20250843,529,10.685269165039076
baseline,standard,20250843,530,10.685876464843776
baseline,standard,20250843,531,10.688690185546896
baseline,standard,20250843,532,10.688702392578127
baseline,standard,20250843,533,10.688702392578127
baseline,standard,20250843,534,10.688702392578127
baseline,standard,20250843,535,10.688702392578127
baseline,standard,20250843,536,10.689514160156264
baseline,standard,20250843,537,10.69650268554689
baseline,standard,20250843,538,10.701483154296897
baseline,standard,20250843,539,10.704541015625011
baseline,standard,20250843,540,10.704541015625011
baseline,standard,20250843,541,10.704541015625011
baseline,standard,20250843,542,10.714190673828135
baseline,standard,20250843,543,10.714190673828135
baseline,standard,20250843,544,10.71490478515626
baseline,standard,20250843,545,10.71490478515626
baseline,standard,20250843,546,10.716516113281273
baseline,standard,20250843,547,10.716516113281273
baseline,standard,20250843,548,10.716516113281273
baseline,standard,20250843,549,10.716516113281273
baseline,standard,20250843,550,10.72183837890626
baseline,standard,20250843,551,10.725640869140644
baseline,standard,20250843,552,10.725640869140644
baseline,standard,20250843,553,10.725640869140644
baseline,standard,20250843,554,10.725640869140644
baseline,standard,20250843,555,10.725640869140644
baseline,standard,20250843,556,10.742462158203153
baseline,standard,20250843,557,10.742462158203153
baseline,standard,20250843,558,10.742462158203153
baseline,standard,20250843,559,10.74425659179689
baseline,standard,20250843,560,10.7463562011719
baseline,standard,20250843,561,10.7463562011719
baseline,standard,20250843,562,10.752069091796887
baseline,standard,20250843,563,10.753936767578141
baseline,standard,20250843,564,10.756457519531276
baseline,standard,20250843,565,10.759216308593771
baseline,standard,20250843,566,10.767517089843771
baseline,standard,20250843,567,10.767517089843771
baseline,standard,20250843,568,10.767517089843771
baseline,standard,20250843,569,10.770678710937524
baseline,standard,20250843,570,10.776806640625018
baseline,standard,20250843,571,10.776806640625018
baseline,standard,20250843,572,10.776806640625018
baseline,standard,20250843,573,10.776806640625018
baseline,standard,20250843,574,10.776806640625018
baseline,standard,20250843,575,10.776806640625018
baseline,standard,20250843,576,10.776806640625018
baseline,standard,20250843,577,10.778509521484393
baseline,standard,20250843,578,10.782714843749993
baseline,standard,20250843,579,10.786798095703157
baseline,standard,20250843,580,10.79329833984377
baseline,standard,20250843,581,10.794567871093765
baseline,standard,20250843,582,10.798779296875026
baseline,standard,20250843,583,10.8076354980469
baseline,standard,20250843,584,10.81069946289065
baseline,standard,20250843,585,10.81465454101565
baseline,standard,20250843,586,10.81465454101565
baseline,standard,20250843,587,10.81465454101565
baseline,standard,20250843,588,10.82088623046876
baseline,standard,20250843,589,10.824035644531264
baseline,standard,20250843,590,10.839385986328152
baseline,standard,20250843,591,10.839385986328152
baseline,standard,20250843,592,10.85221557617191
baseline,standard,20250843,593,10.85221557617191
baseline,standard,20250843,594,10.85221557617191
baseline,standard,20250843,595,10.85221557617191
baseline,standard,20250843,596,10.85221557617191
baseline,standard,20250843,597,10.85221557617191
baseline,standard,20250843,598,10.85221557617191
baseline,standard,20250843,599,10.85221557617191
baseline,standard,20250843,600,10.85221557617191
baseline,standard,20250843,601,10.85221557617191
baseline,standard,20250843,602,10.856512451171909
baseline,standard,20250843,603,10.856512451171909
baseline,standard,20250843,604,10.856512451171909
baseline,standard,20250843,605,10.856512451171909
baseline,standard,20250843,606,10.856512451171909
baseline,standard,20250843,607,10.856512451171909
baseline,standard,20250843,608,10.856512451171909
baseline,standard,20250843,609,10.856512451171909
baseline,standard,20250843,610,10.856512451171909
baseline,standard,20250843,611,10.856512451171909
baseline,standard,20250843,612,10.856512451171909
baseline,standard,20250843,613,10.856512451171909
baseline,standard,20250843,614,10.856512451171909
baseline,standard,20250843,615,10.856512451171909
baseline,standard,20250843,616,10.856512451171909
baseline,standard,20250843,617,10.856512451171909
baseline,standard,20250843,618,10.857360839843754
baseline,standard,20250843,619,10.857360839843754
baseline,standard,20250843,620,10.857647705078147
baseline,standard,20250843,621,10.861639404296884
baseline,standard,20250843,622,10.861639404296884
baseline,standard,20250843,623,10.865234375000032
baseline,standard,20250843,624,10.865234375000032
baseline,standard,20250843,625,10.865234375000032
baseline,standard,20250843,626,10.865234375000032
baseline,standard,20250843,627,10.865234375000032
baseline,standard,20250843,628,10.866058349609412
baseline,standard,20250843,629,10.86666259765628
baseline,standard,20250843,630,10.86666259765628
baseline,standard,20250843,631,10.871166992187522
baseline,standard,20250843,632,10.875698852539106
baseline,standard,20250843,633,10.87859497070314
baseline,standard,20250843,634,10.87859497070314
baseline,standard,20250843,635,10.880493164062514
baseline,standard,20250843,636,10.881951904296875
baseline,standard,20250843,637,10.882318115234401
baseline,standard,20250843,638,10.883489990234407
baseline,standard,20250843,639,10.883489990234407
baseline,standard,20250843,640,10.889666748046894
baseline,standard,20250843,641,10.889666748046894
baseline,standard,20250843,642,10.889666748046894
baseline,standard,20250843,643,10.889666748046894
baseline,standard,20250843,644,10.889666748046894
baseline,standard,20250843,645,10.8897155761719
baseline,standard,20250843,646,10.889868164062529
baseline,standard,20250843,647,10.889868164062529
baseline,standard,20250843,648,10.89033813476565
baseline,standard,20250843,649,10.89033813476565
baseline,standard,20250843,650,10.891821289062511
baseline,standard,20250843,651,10.894000244140639
baseline,standard,20250843,652,10.897882080078148
baseline,standard,20250843,653,10.90214843750002
baseline,standard,20250843,654,10.90214843750002
baseline,standard,20250843,655,10.90214843750002
baseline,standard,20250843,656,10.908685302734387
baseline,standard,20250843,657,10.912976074218696
baseline,standard,20250843,658,10.912976074218696
baseline,standard,20250843,659,10.918981933593768
baseline,standard,20250843,660,10.930053710937521
baseline,standard,20250843,661,10.930053710937521
baseline,standard,20250843,662,10.930053710937521
baseline,standard,20250843,663,10.930053710937521
baseline,standard,20250843,664,10.931384277343764
baseline,standard,20250843,665,10.935104370117216
baseline,standard,20250843,666,10.941821289062517
baseline,standard,20250843,667,10.943438720703151
baseline,standard,20250843,668,10.943438720703151
baseline,standard,20250843,669,10.943438720703151
baseline,standard,20250843,670,10.943438720703151
baseline,standard,20250843,671,10.943438720703151
baseline,standard,20250843,672,10.943438720703151
baseline,standard,20250843,673,10.943438720703151
baseline,standard,20250843,674,10.943438720703151
baseline,standard,20250843,675,10.943438720703151
baseline,standard,20250843,676,10.943438720703151
baseline,standard,20250843,677,10.943438720703151
baseline,standard,20250843,678,10.948431396484393
baseline,standard,20250843,679,10.948431396484393
baseline,standard,20250843,680,10.948431396484393
baseline,standard,20250843,681,10.948431396484393
baseline,standard,20250843,682,10.948431396484393
baseline,standard,20250843,683,10.948431396484393
baseline,standard,20250843,684,10.948431396484393
baseline,standard,20250843,685,10.948431396484393
baseline,standard,20250843,686,10.948431396484393
baseline,standard,20250843,687,10.948431396484393
baseline,standard,20250843,688,10.948431396484393
baseline,standard,20250843,689,10.948431396484393
baseline,standard,20250843,690,10.948431396484393
baseline,standard,20250843,691,10.948510742187523
baseline,standard,20250843,692,10.95017089843752
baseline,standard,20250843,693,10.95017089843752
baseline,standard,20250843,694,10.95017089843752
baseline,standard,20250843,695,10.950701904296903
baseline,standard,20250843,696,10.950817871093761
baseline,standard,20250843,697,10.951367187500015
baseline,standard,20250843,698,10.951367187500015
baseline,standard,20250843,699,10.951660156250007
baseline,standard,20250843,700,10.951861572265635
baseline,standard,20250843,701,10.951861572265635
baseline,standard,20250843,702,10.954348754882822
baseline,standard,20250843,703,10.954348754882822
baseline,standard,20250843,704,10.954348754882822
baseline,standard,20250843,705,10.954348754882822
baseline,standard,20250843,706,10.954348754882822
baseline,standard,20250843,707,10.954348754882822
baseline,standard,20250843,708,10.954348754882822
baseline,standard,20250843,709,10.95467529296877
baseline,standard,20250843,710,10.95467529296877
baseline,standard,20250843,711,10.95467529296877
baseline,standard,20250843,712,10.95467529296877
baseline,standard,20250843,713,10.95477294921876
baseline,standard,20250843,714,10.95477294921876
baseline,standard,20250843,715,10.95477294921876
baseline,standard,20250843,716,10.955096435546897
baseline,standard,20250843,717,10.955096435546897
baseline,standard,20250843,718,10.955096435546897
baseline,standard,20250843,719,10.955096435546897
baseline,standard,20250843,720,10.955096435546897
baseline,standard,20250843,721,10.955096435546897
baseline,standard,20250843,722,10.955340576171897
baseline,standard,20250843,723,10.955828857421885
baseline,standard,20250843,724,10.956781005859394
baseline,standard,20250843,725,10.958007812500018
baseline,standard,20250843,726,10.958746337890645
baseline,standard,20250843,727,10.960266113281278
baseline,standard,20250843,728,10.961810302734406
baseline,standard,20250843,729,10.962487792968762
baseline,standard,20250843,730,10.962487792968762
baseline,standard,20250843,731,10.9626892089844
baseline,standard,20250843,732,10.96335449218753
baseline,standard,20250843,733,10.964215087890643
baseline,standard,20250843,734,10.964215087890643
baseline,standard,20250843,735,10.964215087890643
baseline,standard,20250843,736,10.964215087890643
baseline,standard,20250843,737,10.964215087890643
baseline,standard,20250843,738,10.964215087890643
baseline,standard,20250843,739,10.966320800781268
baseline,standard,20250843,740,10.967443847656268
baseline,standard,20250843,741,10.967626953125011
baseline,standard,20250843,742,10.967626953125011
baseline,standard,20250843,743,10.967675781250023
baseline,standard,20250843,744,10.967675781250023
baseline,standard,20250843,745,10.967675781250023
baseline,standard,20250843,746,10.967675781250023
baseline,standard,20250843,747,10.967871093750025
baseline,standard,20250843,748,10.967871093750025
baseline,standard,20250843,749,10.970458984375016
baseline,standard,20250843,750,10.971643066406273
baseline,standard,20250843,751,10.972564697265636
baseline,standard,20250843,752,10.975469970703145
baseline,standard,20250843,753,10.98017578125003
baseline,standard,20250843,754,10.985510253906263
baseline,standard,20250843,755,10.988952636718775
baseline,standard,20250843,756,10.992749023437526
baseline,standard,20250843,757,10.99370117187502
baseline,standard,20250843,758,10.99370117187502
baseline,standard,20250843,759,10.994995117187525
baseline,standard,20250843,760,10.994995117187525
baseline,standard,20250843,761,10.994995117187525
baseline,standard,20250843,762,10.999816894531271
baseline,standard,20250843,763,10.999816894531271
baseline,standard,20250843,764,10.999816894531271
baseline,standard,20250843,765,11.001159667968768
baseline,standard,20250843,766,11.004315185546902
baseline,standard,20250843,767,11.004315185546902
baseline,standard,20250843,768,11.004711914062533
baseline,standard,20250843,769,11.005889892578143
baseline,standard,20250843,770,11.005889892578143
baseline,standard,20250843,771,11.005889892578143
baseline,standard,20250843,772,11.00710449218752
baseline,standard,20250843,773,11.007659912109412
baseline,standard,20250843,774,11.0141296386719
baseline,standard,20250843,775,11.0141296386719
baseline,standard,20250843,776,11.01590576171877
baseline,standard,20250843,777,11.01590576171877
baseline,standard,20250843,778,11.01590576171877
baseline,standard,20250843,779,11.01736450195314
baseline,standard,20250843,780,11.01736450195314
baseline,standard,20250843,781,11.01736450195314
baseline,standard,20250843,782,11.017431640625027
baseline,standard,20250843,783,11.017883300781271
baseline,standard,20250843,784,11.017883300781271
baseline,standard,20250843,785,11.017883300781271
baseline,standard,20250843,786,11.017883300781271
baseline,standard,20250843,787,11.018328857421896
baseline,standard,20250843,788,11.018353271484393
baseline,standard,20250843,789,11.018353271484393
baseline,standard,20250843,790,11.018353271484393
baseline,standard,20250843,791,11.018353271484393
baseline,standard,20250843,792,11.018353271484393
baseline,standard,20250843,793,11.018353271484393
baseline,standard,20250843,794,11.018353271484393
baseline,standard,20250843,795,11.018353271484393
baseline,standard,20250843,796,11.018353271484393
baseline,standard,20250843,797,11.018353271484393
baseline,standard,20250843,798,11.018353271484393
baseline,standard,20250843,799,11.018353271484393
baseline,standard,20250843,800,11.018395996093787
baseline,standard,20250843,801,11.019464111328151
baseline,standard,20250843,802,11.02038574218751
baseline,standard,20250843,803,11.022906494140653
baseline,standard,20250843,804,11.025299072265641
baseline,standard,20250843,805,11.025299072265641
baseline,standard,20250843,806,11.025299072265641
baseline,standard,20250843,807,11.025299072265641
baseline,standard,20250843,808,11.025299072265641
baseline,standard,20250843,809,11.025299072265641
baseline,standard,20250843,810,11.025299072265641
baseline,standard,20250843,811,11.025299072265641
baseline,standard,20250843,812,11.025299072265641
baseline,standard,20250843,813,11.02659301757814
baseline,standard,20250843,814,11.02659301757814
baseline,standard,20250843,815,11.027355957031283
baseline,standard,20250843,816,11.028417968750034
baseline,standard,20250843,817,11.029333496093775
baseline,standard,20250843,818,11.029333496093775
baseline,standard,20250843,819,11.029916381835978
baseline,standard,20250843,820,11.033605807084403
baseline,standard,20250843,821,11.033605807084403
baseline,standard,20250843,822,11.036490598839091
baseline,standard,20250843,823,11.036490598839091
baseline,standard,20250843,824,11.036490598839091
baseline,standard,20250843,825,11.036490598839091
baseline,standard,20250843,826,11.036490598839091
baseline,standard,20250843,827,11.036490598839091
baseline,standard,20250843,828,11.036490598839091
baseline,standard,20250843,829,11.036490598839091
baseline,standard,20250843,830,11.036490598839091
baseline,standard,20250843,831,11.036490598839091
baseline,standard,20250843,832,11.036490598839091
baseline,standard,20250843,833,11.036490598839091
baseline,standard,20250843,834,11.036490598839091
baseline,standard,20250843,835,11.036490598839091
baseline,standard,20250843,836,11.036490598839091
baseline,standard,20250843,837,11.036490598839091
baseline,standard,20250843,838,11.036490598839091
baseline,standard,20250843,839,11.036490598839091
baseline,standard,20250843,840,11.036490598839091
baseline,standard,20250843,841,11.036490598839091
baseline,standard,20250843,842,11.037134903470337
baseline,standard,20250843,843,11.037463021040642
baseline,standard,20250843,844,11.040420602603142
baseline,standard,20250843,845,11.042359852168781
baseline,standard,20250843,846,11.042359852168781
baseline,standard,20250843,847,11.045831617390654
baseline,standard,20250843,848,11.046783586313426
baseline,standard,20250843,849,11.047550642445326
baseline,standard,20250843,850,11.05077073303753
baseline,standard,20250843,851,11.052493841459395
baseline,standard,20250843,852,11.052493841459395
baseline,standard,20250843,853,11.056886832575017
baseline,standard,20250843,854,11.059818727393775
baseline,standard,20250843,855,11.059818727393775
baseline,standard,20250843,856,11.060857853443771
baseline,standard,20250843,857,11.061396040428136
baseline,standard,20250843,858,11.061396040428136
baseline,standard,20250843,859,11.061396040428136
baseline,standard,20250843,860,11.061396040428136
baseline,standard,20250843,861,11.061396040428136
baseline,standard,20250843,862,11.061396040428136
baseline,standard,20250843,863,11.061396040428136
baseline,standard,20250843,864,11.061396040428136
baseline,standard,20250843,865,11.061396040428136
baseline,standard,20250843,866,11.06141540564377
baseline,standard,20250843,867,11.06141540564377
baseline,standard,20250843,868,11.06141540564377
baseline,standard,20250843,869,11.06141540564377
baseline,standard,20250843,870,11.065813744396884
baseline,standard,20250843,871,11.068033229537521
baseline,standard,20250843,872,11.075987474646883
baseline,standard,20250843,873,11.075995332921888
baseline,standard,20250843,874,11.075995332921888
baseline,standard,20250843,875,11.076604707834383
baseline,standard,20250843,876,11.076604707834383
baseline,standard,20250843,877,11.076604707834383
baseline,standard,20250843,878,11.078457095887504
baseline,standard,20250843,879,11.080595844573445
baseline,standard,20250843,880,11.080595844573445
baseline,standard,20250843,881,11.080595844573445
baseline,standard,20250843,882,11.08255881476876
baseline,standard,20250843,883,11.08255881476876
baseline,standard,20250843,884,11.08255881476876
baseline,standard,20250843,885,11.08255881476876
baseline,standard,20250843,886,11.08255881476876
baseline,standard,20250843,887,11.08255881476876
baseline,standard,20250843,888,11.08255881476876
baseline,standard,20250843,889,11.08255881476876
baseline,standard,20250843,890,11.08255881476876
baseline,standard,20250843,891,11.08255881476876
baseline,standard,20250843,892,11.08255881476876
baseline,standard,20250843,893,11.08255881476876
baseline,standard,20250843,894,11.08255881476876
baseline,standard,20250843,895,11.08255881476876
baseline,standard,20250843,896,11.08255881476876
baseline,standard,20250843,897,11.08255881476876
baseline,standard,20250843,898,11.083809544540635
baseline,standard,20250843,899,11.083809544540635
baseline,standard,20250843,900,11.083809544540635
