final_rank,time_s,status,active_indices,checked_patches,passed_patches,uncertain_patches,witness_distance_m,witness_point_x_m,witness_point_y_m,witness_point_z_m
1,0.7884445524,invalid,1,48,0,0,13.4041535804,6.4671567276,202.6787840266,2.5000000000
1,0.8384445524,invalid,1,48,0,0,13.2041495224,6.4671567276,202.6787840266,2.5000000000
1,0.8884445524,invalid,1,48,0,0,13.0040645372,6.4671567276,202.6787840266,2.5000000000
1,0.9384445524,invalid,1,48,0,0,12.8039012049,6.4671567276,202.6787840266,2.5000000000
1,0.9884445524,invalid,1,48,0,0,12.6036622982,6.4671567276,202.6787840266,2.5000000000
1,1.0384445524,invalid,1,48,0,0,12.4033507982,6.4671567276,202.6787840266,2.5000000000
1,1.0884445524,invalid,1,48,0,0,12.2029699120,6.4671567276,202.6787840266,2.5000000000
1,1.1384445524,invalid,1,48,0,0,12.0025230917,6.4671567276,202.6787840266,2.5000000000
1,1.1884445524,invalid,1,48,0,0,11.8020140556,6.4671567276,202.6787840266,2.5000000000
1,1.2384445524,invalid,1,48,0,0,11.6014468117,6.4671567276,202.6787840266,2.5000000000
1,1.2884445524,invalid,1,48,0,0,11.4008256834,6.4671567276,202.6787840266,2.5000000000
1,1.3384445524,invalid,1,48,0,0,11.2001553382,6.4671567276,202.6787840266,2.5000000000
1,1.3884445524,invalid,1,48,0,0,10.9994408195,6.4671567276,202.6787840266,2.5000000000
1,1.4321674403,invalid,1,48,0,0,10.8238925208,6.4671567276,202.6787840266,2.5000000000
1,1.4321674403,valid,"1,2",48,48,0,,,,
1,1.4821674403,valid,"1,2",48,48,0,,,,
1,1.5321674403,valid,"1,2",48,48,0,,,,
1,1.5821674403,valid,"1,2",48,48,0,,,,
1,1.6321674403,valid,"1,2",48,48,0,,,,
1,1.6821674403,valid,"1,2",48,48,0,,,,
1,1.7321674403,valid,"1,2",48,48,0,,,,
1,1.7821674403,valid,"1,2",48,48,0,,,,
1,1.8321674403,valid,"1,2",48,48,0,,,,
1,1.8821674403,valid,"1,2",48,48,0,,,,
1,1.9321674403,valid,"1,2",48,48,0,,,,
1,1.9821674403,valid,"1,2",48,48,0,,,,
1,2.0321674403,valid,"1,2",48,48,0,,,,
1,2.0821674403,valid,"1,2",48,48,0,,,,
1,2.1321674403,valid,"1,2",48,48,0,,,,
1,2.1821674403,valid,"1,2",48,48,0,,,,
1,2.2321674403,valid,"1,2",48,48,0,,,,
1,2.2821674403,valid,"1,2",48,48,0,,,,
1,2.3321674403,valid,"1,2",48,48,0,,,,
1,2.3821674403,valid,"1,2",48,48,0,,,,
1,2.4321674403,valid,"1,2",48,48,0,,,,
1,2.4821674403,valid,"1,2",48,48,0,,,,
1,2.5321674403,valid,"1,2",48,48,0,,,,
1,2.5821674403,valid,"1,2",48,48,0,,,,
1,2.6321674403,valid,"1,2",48,48,0,,,,
1,2.6821674403,valid,"1,2",48,48,0,,,,
1,2.7321674403,valid,"1,2",48,48,0,,,,
1,2.7821674403,valid,"1,2",48,48,0,,,,
1,2.8321674403,valid,"1,2",48,48,0,,,,
1,2.8821674403,valid,"1,2",48,48,0,,,,
1,2.9321674403,valid,"1,2",48,48,0,,,,
1,2.9821674403,valid,"1,2",48,48,0,,,,
1,3.0321674403,valid,"1,2",48,48,0,,,,
1,3.0821674403,valid,"1,2",48,48,0,,,,
1,3.1321674403,valid,"1,2",48,48,0,,,,
1,3.1821674403,valid,"1,2",48,48,0,,,,
1,3.2321674403,valid,"1,2",48,48,0,,,,
1,3.2821674403,valid,"1,2",48,48,0,,,,
1,3.3321674403,valid,"1,2",48,48,0,,,,
1,3.3821674403,valid,"1,2",48,48,0,,,,
1,3.4321674403,valid,"1,2",48,48,0,,,,
1,3.4821674403,valid,"1,2",48,48,0,,,,
1,3.5321674403,valid,"1,2",48,48,0,,,,
1,3.5821674403,valid,"1,2",48,48,0,,,,
1,3.6321674403,valid,"1,2",48,48,0,,,,
1,3.6821674403,valid,"1,2",48,48,0,,,,
1,3.7321674403,valid,"1,2",48,48,0,,,,
1,3.7821674403,valid,"1,2",48,48,0,,,,
1,3.8321674403,valid,"1,2",48,48,0,,,,
1,3.8821674403,valid,"1,2",48,48,0,,,,
1,3.9321674403,valid,"1,2",48,48,0,,,,
1,3.9821674403,valid,"1,2",48,48,0,,,,
1,4.0321674403,valid,"1,2",48,48,0,,,,
1,4.0821674403,valid,"1,2",48,48,0,,,,
1,4.1321674403,valid,"1,2",48,48,0,,,,
1,4.1821674403,valid,"1,2",48,48,0,,,,
1,4.2321674403,valid,"1,2",48,48,0,,,,
1,4.2821674403,valid,"1,2",48,48,0,,,,
1,4.3321674403,valid,"1,2",48,48,0,,,,
1,4.3821674403,valid,"1,2",48,48,0,,,,
1,4.4321674403,valid,"1,2",48,48,0,,,,
1,4.4821674403,valid,"1,2",48,48,0,,,,
1,4.5321674403,valid,"1,2",48,48,0,,,,
1,4.5821674403,valid,"1,2",48,48,0,,,,
1,4.6321674403,valid,"1,2",48,48,0,,,,
1,4.6821674403,valid,"1,2",48,48,0,,,,
1,4.7321674403,valid,"1,2",48,48,0,,,,
1,4.7821674403,valid,"1,2",48,48,0,,,,
1,4.8321674403,valid,"1,2",48,48,0,,,,
1,4.8821674403,valid,"1,2",48,48,0,,,,
1,4.9321674403,valid,"1,2",48,48,0,,,,
1,4.9821674403,valid,"1,2",48,48,0,,,,
1,5.0321674403,valid,"1,2",48,48,0,,,,
1,5.0821674403,valid,"1,2",48,48,0,,,,
1,5.1321674403,valid,"1,2",52,51,0,,,,
1,5.1821674403,valid,"1,2",80,72,0,,,,
1,5.2321674403,valid,"1,2",108,93,0,,,,
1,5.2821674403,valid,"1,2",112,96,0,,,,
1,5.3321674403,valid,"1,2",112,96,0,,,,
1,5.3821674403,valid,"1,2",152,126,0,,,,
1,5.4321674403,valid,"1,2",176,144,0,,,,
1,5.4821674403,valid,"1,2",176,144,0,,,,
1,5.5321674403,valid,"1,2",208,168,0,,,,
1,5.5821674403,valid,"1,2",240,192,0,,,,
1,5.6321674403,valid,"1,2",240,192,0,,,,
1,5.6821674403,valid,"1,2",240,192,0,,,,
1,5.7321674403,valid,"1,2",312,246,0,,,,
1,5.7821674403,valid,"1,2",388,303,0,,,,
1,5.8321674403,valid,"1,2",652,501,0,,,,
1,5.8821674403,valid,"1,2",816,624,0,,,,
1,5.9321674403,valid,"1,2",880,672,0,,,,
1,5.9821674403,valid,"1,2",1020,777,0,,,,
1,6.0321674403,valid,"1,2",1920,1452,0,,,,
1,6.0821674403,valid,"1,2",3260,2457,0,,,,
1,6.1321674403,valid,"1,2",5460,4107,0,,,,
1,6.1821674403,uncertain,"1,2",13956,9866,250,,,,
1,6.2321674403,uncertain,"1,2",4080,0,128,,,,
1,6.2821674403,invalid,"1,2",48,0,0,10.0436359164,6.4671567276,202.6787840266,2.5000000000
1,6.3321674403,invalid,"1,2",48,0,0,10.2604606325,6.4671567276,202.6787840266,2.5000000000
1,6.3821674403,invalid,"1,2",48,0,0,10.4776354664,6.4671567276,202.6787840266,2.5000000000
1,6.4321674403,invalid,"1,2",48,0,0,10.6951519807,6.4671567276,202.6787840266,2.5000000000
1,6.4821674403,invalid,"1,2",48,0,0,10.9130024400,6.4671567276,202.6787840266,2.5000000000
1,6.5321674403,invalid,"1,2",48,0,0,11.1311797455,6.4671567276,202.6787840266,2.5000000000
1,6.5821674403,invalid,"1,2",48,0,0,11.3496773762,6.4671567276,202.6787840266,2.5000000000
1,6.6321674403,invalid,"1,2",48,0,0,11.5684893361,6.4671567276,202.6787840266,2.5000000000
1,6.6821674403,invalid,"1,2",48,0,0,11.7876101081,6.4671567276,202.6787840266,2.5000000000
1,6.7321674403,invalid,"1,2",48,0,0,12.0070346118,6.4671567276,202.6787840266,2.5000000000
1,6.7821674403,invalid,"1,2",48,0,0,12.2267581660,6.4671567276,202.6787840266,2.5000000000
1,6.8321674403,invalid,"1,2",48,0,0,12.4467764549,6.4671567276,202.6787840266,2.5000000000
1,6.8821674403,invalid,"1,2",48,0,0,12.6670854979,6.4671567276,202.6787840266,2.5000000000
1,6.9321674403,invalid,"1,2",48,0,0,12.8876816219,6.4671567276,202.6787840266,2.5000000000
1,6.9821674403,invalid,"1,2",48,0,0,13.1085614371,6.4671567276,202.6787840266,2.5000000000
1,7.0321674403,invalid,"1,2",48,0,0,13.3297218138,6.4671567276,202.6787840266,2.5000000000
1,7.0821674403,invalid,"1,2",48,0,0,15.8179294367,6.4671567276,202.6787840266,2.5000000000
1,7.1321674403,invalid,"1,2",48,0,0,26.9314579721,6.4671567276,202.6787840266,2.5000000000
1,7.1821674403,invalid,"1,2",48,0,0,40.6146455343,6.4671567276,202.6787840266,2.5000000000
1,7.2321674403,invalid,"1,2",48,0,0,54.9813141147,6.4671567276,202.6787840266,2.5000000000
1,7.2821674403,invalid,"1,2",48,0,0,69.6095527798,6.4671567276,202.6787840266,2.5000000000
1,7.3321674403,invalid,"1,2",48,0,0,84.3634058177,6.4671567276,202.6787840266,2.5000000000
1,7.3821674403,invalid,"1,2",48,0,0,99.1868343615,6.4671567276,202.6787840266,2.5000000000
1,7.4321674403,invalid,"1,2",48,0,0,114.0527134560,6.4671567276,202.6787840266,2.5000000000
1,7.4821674403,invalid,"1,2",48,0,0,128.9463619076,6.4671567276,202.6787840266,2.5000000000
1,7.5321674403,invalid,"1,2",48,0,0,143.8591551424,6.4671567276,202.6787840266,2.5000000000
1,7.5821674403,invalid,"1,2",48,0,0,158.7856991479,6.4671567276,202.6787840266,2.5000000000
1,7.6321674403,invalid,"1,2",48,0,0,173.7224494877,6.4671567276,202.6787840266,2.5000000000
1,7.6821674403,invalid,"1,2",48,0,0,188.6669820734,6.4671567276,202.6787840266,2.5000000000
1,7.7321674403,invalid,"1,2",48,0,0,203.6175833760,6.4671567276,202.6787840266,2.5000000000
1,7.7821674403,invalid,"1,2",48,0,0,218.5730080810,6.4671567276,202.6787840266,2.5000000000
1,7.8321674403,invalid,"1,2",48,0,0,233.5323295174,6.4671567276,202.6787840266,2.5000000000
1,7.8821674403,invalid,"1,2",48,0,0,248.4948439397,6.4671567276,202.6787840266,2.5000000000
1,7.9321674403,invalid,"1,2",48,0,0,263.4600073368,6.4671567276,202.6787840266,2.5000000000
1,7.9821674403,invalid,"1,2",48,0,0,278.4273925707,6.4671567276,202.6787840266,2.5000000000
1,8.0321674403,invalid,"1,2",48,0,0,293.3966596062,6.4671567276,202.6787840266,2.5000000000
1,8.0821674403,invalid,"1,2",48,0,0,308.3675343952,6.4671567276,202.6787840266,2.5000000000
1,8.1321674403,invalid,"1,2",48,0,0,323.3397936172,6.4671567276,202.6787840266,2.5000000000
1,8.1821674403,invalid,"1,2",48,0,0,338.3132534654,6.4671567276,202.6787840266,2.5000000000
1,8.2321674403,invalid,"1,2",48,0,0,353.2877612808,6.4671567276,202.6787840266,2.5000000000
1,8.2821674403,invalid,"1,2",48,0,0,368.2631892245,6.4671567276,202.6787840266,2.5000000000
1,8.3321674403,invalid,"1,2",48,0,0,383.2394294320,6.4671567276,202.6787840266,2.5000000000
1,8.3821674403,invalid,"1,2",48,0,0,398.2163902597,6.4671567276,202.6787840266,2.5000000000
1,8.4321674403,invalid,"1,2",48,0,0,413.1939933470,6.4671567276,202.6787840266,2.5000000000
1,8.4821674403,invalid,"1,2",48,0,0,428.1721712946,6.4671567276,202.6787840266,2.5000000000
1,8.5321674403,invalid,"1,2",48,0,0,443.1508658130,6.4671567276,202.6787840266,2.5000000000
1,8.5821674403,invalid,"1,2",48,0,0,458.1300262338,6.4671567276,202.6787840266,2.5000000000
1,8.6321674403,invalid,"1,2",48,0,0,473.1096083041,6.4671567276,202.6787840266,2.5000000000
1,8.6821674403,invalid,"1,2",48,0,0,488.0895732024,6.4671567276,202.6787840266,2.5000000000
1,8.7321674403,invalid,"1,2",48,0,0,503.0698867301,6.4671567276,202.6787840266,2.5000000000
1,8.7821674403,invalid,"1,2",48,0,0,518.0505186437,6.4671567276,202.6787840266,2.5000000000
1,8.8321674403,invalid,"1,2",48,0,0,533.0314420987,6.4671567276,202.6787840266,2.5000000000
1,8.8821674403,invalid,"1,2",48,0,0,548.0126331857,6.4671567276,202.6787840266,2.5000000000
1,8.9321674403,invalid,"1,2",48,0,0,562.9940705398,6.4671567276,202.6787840266,2.5000000000
1,8.9821674403,invalid,"1,2",48,0,0,577.9757350109,6.4671567276,202.6787840266,2.5000000000
1,9.0321674403,invalid,"1,2",48,0,0,592.9576093840,6.4671567276,202.6787840266,2.5000000000
1,9.0821674403,invalid,"1,2",48,0,0,607.9396781407,6.4671567276,202.6787840266,2.5000000000
1,9.1321674403,invalid,"1,2",48,0,0,622.9219272556,6.4671567276,202.6787840266,2.5000000000
1,9.1821674403,invalid,"1,2",48,0,0,637.9043440206,6.4671567276,202.6787840266,2.5000000000
1,9.2321674403,invalid,"1,2",48,0,0,652.8869168940,6.4671567276,202.6787840266,2.5000000000
1,9.2821674403,invalid,"1,2",48,0,0,667.8696353698,6.4671567276,202.6787840266,2.5000000000
1,9.3321674403,invalid,"1,2",48,0,0,682.8524898637,6.4671567276,202.6787840266,2.5000000000
1,9.3821674403,invalid,"1,2",48,0,0,697.8354716147,6.4671567276,202.6787840266,2.5000000000
1,9.4321674403,invalid,"1,2",48,0,0,712.8185725982,6.4671567276,202.6787840266,2.5000000000
1,9.4821674403,invalid,"1,2",48,0,0,727.8017854503,6.4671567276,202.6787840266,2.5000000000
1,9.5042246922,invalid,"1,2",48,0,0,734.4115892517,6.4671567276,202.6787840266,2.5000000000
1,6.1321674403,valid,"1,2",5460,4107,0,,,,
1,6.1821674403,uncertain,"1,2",13956,9866,250,,,,
1,6.1571674403,valid,"1,2",10084,7575,0,,,,
1,6.1696674403,valid,"1,2",12608,9468,0,,,,
1,6.1759174403,valid,"1,2",14176,10644,0,,,,
1,6.1790424403,uncertain,"1,2",13640,9864,76,,,,
1,6.1774799403,uncertain,"1,2",13496,9850,20,,,,
1,6.1766986903,uncertain,"1,2",13348,9761,12,,,,
1,6.1763080653,uncertain,"1,2",13300,9741,6,,,,
1,6.1761127528,valid,"1,2",14220,10677,0,,,,
1,6.1762104091,valid,"1,2",14236,10689,0,,,,
1,6.1762592372,uncertain,"1,2",13300,9745,4,,,,
1,6.1762348231,uncertain,"1,2",13288,9738,2,,,,
1,6.1762226161,uncertain,"1,2",13284,9735,2,,,,
1,6.1762165126,uncertain,"1,2",13284,9735,2,,,,
1,6.1762134608,valid,"1,2",14236,10689,0,,,,
1,6.1762149867,uncertain,"1,2",13284,9735,2,,,,
1,6.1762142238,uncertain,"1,2",13284,9736,1,,,,
1,9.5042246922,invalid,"1,2,3",48,0,0,734.4115892517,6.4671567276,202.6787840266,2.5000000000
1,9.5542246922,invalid,"1,2,3",48,0,0,749.3949515551,6.4671567276,202.6787840266,2.5000000000
1,9.6042246922,invalid,"1,2,3",48,0,0,764.3784101293,6.4671567276,202.6787840266,2.5000000000
1,9.6542246922,invalid,"1,2,3",48,0,0,779.3619594218,6.4671567276,202.6787840266,2.5000000000
1,9.7042246922,invalid,"1,2,3",48,0,0,794.3455942991,6.4671567276,202.6787840266,2.5000000000
1,9.7542246922,invalid,"1,2,3",48,0,0,809.3293100076,6.4671567276,202.6787840266,2.5000000000
1,9.8042246922,invalid,"1,2,3",48,0,0,824.3131021396,6.4671567276,202.6787840266,2.5000000000
1,9.8542246922,invalid,"1,2,3",48,0,0,839.2969666019,6.4671567276,202.6787840266,2.5000000000
1,9.9042246922,invalid,"1,2,3",48,0,0,854.2808995886,6.4671567276,202.6787840266,2.5000000000
1,9.9542246922,invalid,"1,2,3",48,0,0,869.2648975560,6.4671567276,202.6787840266,2.5000000000
1,10.0042246922,invalid,"1,2,3",48,0,0,884.2489572009,6.4671567276,202.6787840266,2.5000000000
1,10.0542246922,invalid,"1,2,3",48,0,0,899.2330754399,6.4671567276,202.6787840266,2.5000000000
1,10.1042246922,invalid,"1,2,3",48,0,0,914.2172493920,6.4671567276,202.6787840266,2.5000000000
1,10.1542246922,invalid,"1,2,3",48,0,0,929.2014763619,6.4671567276,202.6787840266,2.5000000000
1,10.2042246922,invalid,"1,2,3",48,0,0,944.1857538255,6.4671567276,202.6787840266,2.5000000000
1,10.2542246922,invalid,"1,2,3",48,0,0,959.1700794163,6.4671567276,202.6787840266,2.5000000000
1,10.3042246922,invalid,"1,2,3",48,0,0,974.1544509134,6.4671567276,202.6787840266,2.5000000000
1,10.3542246922,invalid,"1,2,3",48,0,0,989.1388662305,6.4671567276,202.6787840266,2.5000000000
1,10.4042246922,invalid,"1,2,3",48,0,0,1004.1233234059,6.4671567276,202.6787840266,2.5000000000
1,10.4542246922,invalid,"1,2,3",48,0,0,1019.1078205932,6.4671567276,202.6787840266,2.5000000000
1,10.5042246922,invalid,"1,2,3",48,0,0,1034.0923560530,6.4671567276,202.6787840266,2.5000000000
1,10.5542246922,invalid,"1,2,3",48,0,0,1049.0769281453,6.4671567276,202.6787840266,2.5000000000
1,10.6042246922,invalid,"1,2,3",48,0,0,1064.0615353225,6.4671567276,202.6787840266,2.5000000000
1,10.6542246922,invalid,"1,2,3",48,0,0,1079.0461761229,6.4671567276,202.6787840266,2.5000000000
1,10.7042246922,invalid,"1,2,3",48,0,0,1094.0308491650,6.4671567276,202.6787840266,2.5000000000
1,10.7542246922,invalid,"1,2,3",48,0,0,1109.0155531417,6.4671567276,202.6787840266,2.5000000000
1,10.8042246922,invalid,"1,2,3",48,0,0,1124.0002868160,6.4671567276,202.6787840266,2.5000000000
1,10.8542246922,invalid,"1,2,3",48,0,0,1138.9850490157,6.4671567276,202.6787840266,2.5000000000
1,10.9042246922,invalid,"1,2,3",48,0,0,1153.9698386294,6.4671567276,202.6787840266,2.5000000000
1,10.9542246922,invalid,"1,2,3",48,0,0,1168.9546546031,6.4671567276,202.6787840266,2.5000000000
1,11.0042246922,invalid,"1,2,3",48,0,0,1183.9394959357,6.4671567276,202.6787840266,2.5000000000
1,11.0542246922,invalid,"1,2,3",48,0,0,1198.9243616765,6.4671567276,202.6787840266,2.5000000000
1,11.1042246922,invalid,"1,2,3",48,0,0,1213.9092509215,6.4671567276,202.6787840266,2.5000000000
1,11.1542246922,invalid,"1,2,3",48,0,0,1228.8941628109,6.4671567276,202.6787840266,2.5000000000
1,11.2042246922,invalid,"1,2,3",48,0,0,1243.8790965263,6.4671567276,202.6787840266,2.5000000000
1,11.2542246922,invalid,"1,2,3",48,0,0,1258.8640512883,6.4671567276,202.6787840266,2.5000000000
1,11.3042246922,invalid,"1,2,3",48,0,0,1273.8490263542,6.4671567276,202.6787840266,2.5000000000
1,11.3542246922,invalid,"1,2,3",48,0,0,1288.8340210157,6.4671567276,202.6787840266,2.5000000000
1,11.4042246922,invalid,"1,2,3",48,0,0,1303.8190345972,6.4671567276,202.6787840266,2.5000000000
1,11.4542246922,invalid,"1,2,3",48,0,0,1318.8040664538,6.4671567276,202.6787840266,2.5000000000
1,11.5042246922,invalid,"1,2,3",48,0,0,1333.7891159695,6.4671567276,202.6787840266,2.5000000000
1,11.5542246922,invalid,"1,2,3",48,0,0,1348.7741825557,6.4671567276,202.6787840266,2.5000000000
1,11.6042246922,invalid,"1,2,3",48,0,0,1363.7592656497,6.4671567276,202.6787840266,2.5000000000
1,11.6542246922,invalid,"1,2,3",48,0,0,1378.7443647133,6.4671567276,202.6787840266,2.5000000000
1,11.7042246922,invalid,"1,2,3",48,0,0,1393.7294792313,6.4671567276,202.6787840266,2.5000000000
1,11.7542246922,invalid,"1,2,3",48,0,0,1408.7146087106,6.4671567276,202.6787840266,2.5000000000
1,11.8042246922,invalid,"1,2,3",48,0,0,1423.6997526787,6.4671567276,202.6787840266,2.5000000000
1,11.8542246922,invalid,"1,2,3",48,0,0,1438.6849106829,6.4671567276,202.6787840266,2.5000000000
1,11.9042246922,invalid,"1,2,3",48,0,0,1453.6700822892,6.4671567276,202.6787840266,2.5000000000
1,11.9542246922,invalid,"1,2,3",48,0,0,1468.6552670811,6.4671567276,202.6787840266,2.5000000000
1,12.0042246922,invalid,"1,2,3",48,0,0,1483.6404646591,6.4671567276,202.6787840266,2.5000000000
1,12.0542246922,invalid,"1,2,3",48,0,0,1498.6256746397,6.4671567276,202.6787840266,2.5000000000
1,12.1042246922,invalid,"1,2,3",48,0,0,1513.6108966545,6.4671567276,202.6787840266,2.5000000000
1,12.1542246922,invalid,"1,2,3",48,0,0,1528.5961303496,6.4671567276,202.6787840266,2.5000000000
1,12.2042246922,invalid,"1,2,3",48,0,0,1543.5813753848,6.4671567276,202.6787840266,2.5000000000
1,12.2542246922,invalid,"1,2,3",48,0,0,1558.5666314329,6.4671567276,202.6787840266,2.5000000000
1,12.3042246922,invalid,"1,2,3",48,0,0,1573.5518981795,6.4671567276,202.6787840266,2.5000000000
1,12.3542246922,invalid,"1,2,3",48,0,0,1588.5371753216,6.4671567276,202.6787840266,2.5000000000
1,12.4042246922,invalid,"1,2,3",48,0,0,1603.5224625679,6.4671567276,202.6787840266,2.5000000000
1,12.4542246922,invalid,"1,2,3",48,0,0,1618.5077596378,6.4671567276,202.6787840266,2.5000000000
1,12.5042246922,invalid,"1,2,3",48,0,0,1633.4930662607,6.4671567276,202.6787840266,2.5000000000
1,12.5542246922,invalid,"1,2,3",48,0,0,1648.4783821763,6.4671567276,202.6787840266,2.5000000000
1,12.6042246922,invalid,"1,2,3",48,0,0,1663.4637071333,6.4671567276,202.6787840266,2.5000000000
1,12.6542246922,invalid,"1,2,3",48,0,0,1678.4490408897,6.4671567276,202.6787840266,2.5000000000
1,12.7042246922,invalid,"1,2,3",48,0,0,1693.4343832118,6.4671567276,202.6787840266,2.5000000000
1,12.7542246922,invalid,"1,2,3",48,0,0,1708.4197338741,6.4671567276,202.6787840266,2.5000000000
1,12.8042246922,invalid,"1,2,3",48,0,0,1723.4050926593,6.4671567276,202.6787840266,2.5000000000
1,12.8542246922,invalid,"1,2,3",48,0,0,1738.3904593571,6.4671567276,202.6787840266,2.5000000000
1,12.9042246922,invalid,"1,2,3",48,0,0,1753.3758337648,6.4671567276,202.6787840266,2.5000000000
1,12.9542246922,invalid,"1,2,3",48,0,0,1768.3612156862,6.4671567276,202.6787840266,2.5000000000
1,13.0042246922,invalid,"1,2,3",48,0,0,1783.3466049320,6.4671567276,202.6787840266,2.5000000000
1,13.0542246922,invalid,"1,2,3",48,0,0,1798.3320013192,6.4671567276,202.6787840266,2.5000000000
1,13.1042246922,invalid,"1,2,3",48,0,0,1813.3174046706,6.4671567276,202.6787840266,2.5000000000
1,13.1542246922,invalid,"1,2,3",48,0,0,1828.3028148149,6.4671567276,202.6787840266,2.5000000000
1,13.2042246922,invalid,"1,2,3",48,0,0,1843.2882315866,6.4671567276,202.6787840266,2.5000000000
1,13.2542246922,invalid,"1,2,3",48,0,0,1858.2736548253,6.4671567276,202.6787840266,2.5000000000
1,13.3042246922,invalid,"1,2,3",48,0,0,1873.2590843758,6.4671567276,202.6787840266,2.5000000000
1,13.3542246922,invalid,"1,2,3",48,0,0,1888.2445200878,6.4671567276,202.6787840266,2.5000000000
1,13.4042246922,invalid,"1,2,3",48,0,0,1903.2299618158,6.4671567276,202.6787840266,2.5000000000
1,13.4542246922,invalid,"1,2,3",48,0,0,1918.2154094188,6.4671567276,202.6787840266,2.5000000000
1,13.5042246922,invalid,"1,2,3",48,0,0,1933.2008627601,6.4671567276,202.6787840266,2.5000000000
1,13.5542246922,invalid,"1,2,3",48,0,0,1948.1863217074,6.4671567276,202.6787840266,2.5000000000
1,13.6042246922,invalid,"1,2,3",48,0,0,1963.1717861322,6.4671567276,202.6787840266,2.5000000000
1,13.6542246922,invalid,"1,2,3",48,0,0,1978.1572559101,6.4671567276,202.6787840266,2.5000000000
1,13.7042246922,invalid,"1,2,3",48,0,0,1993.1427309204,6.4671567276,202.6787840266,2.5000000000
1,13.7542246922,invalid,"1,2,3",48,0,0,2008.1282110458,6.4671567276,202.6787840266,2.5000000000
1,13.8042246922,invalid,"1,2,3",48,0,0,2023.1136961728,6.4671567276,202.6787840266,2.5000000000
1,13.8542246922,invalid,"1,2,3",48,0,0,2038.0991861910,6.4671567276,202.6787840266,2.5000000000
1,13.9042246922,invalid,"1,2,3",48,0,0,2053.0846809933,6.4671567276,202.6787840266,2.5000000000
1,13.9542246922,invalid,"1,2,3",48,0,0,2068.0701804757,6.4671567276,202.6787840266,2.5000000000
1,14.0042246922,invalid,"1,2,3",48,0,0,2083.0556845373,6.4671567276,202.6787840266,2.5000000000
1,14.0542246922,invalid,"1,2,3",48,0,0,2098.0411930798,6.4671567276,202.6787840266,2.5000000000
1,14.1042246922,invalid,"1,2,3",48,0,0,2113.0267060079,6.4671567276,202.6787840266,2.5000000000
1,14.1542246922,invalid,"1,2,3",48,0,0,2128.0122232291,6.4671567276,202.6787840266,2.5000000000
1,14.2042246922,invalid,"1,2,3",48,0,0,2142.9977446531,6.4671567276,202.6787840266,2.5000000000
1,14.2542246922,invalid,"1,2,3",48,0,0,2157.9832701926,6.4671567276,202.6787840266,2.5000000000
1,14.3042246922,invalid,"1,2,3",48,0,0,2172.9687997623,6.4671567276,202.6787840266,2.5000000000
1,14.3542246922,invalid,"1,2,3",48,0,0,2187.9543332794,6.4671567276,202.6787840266,2.5000000000
1,14.4042246922,invalid,"1,2,3",48,0,0,2202.9398706634,6.4671567276,202.6787840266,2.5000000000
1,14.4542246922,invalid,"1,2,3",48,0,0,2217.9254118358,6.4671567276,202.6787840266,2.5000000000
1,14.5042246922,invalid,"1,2,3",48,0,0,2232.9109567205,6.4671567276,202.6787840266,2.5000000000
1,14.5542246922,invalid,"1,2,3",48,0,0,2247.8965052431,6.4671567276,202.6787840266,2.5000000000
1,14.6042246922,invalid,"1,2,3",48,0,0,2262.8820573315,6.4671567276,202.6787840266,2.5000000000
1,14.6542246922,invalid,"1,2,3",48,0,0,2277.8676129151,6.4671567276,202.6787840266,2.5000000000
1,14.7042246922,invalid,"1,2,3",48,0,0,2292.8531719256,6.4671567276,202.6787840266,2.5000000000
1,14.7542246922,invalid,"1,2,3",48,0,0,2307.8387342960,6.4671567276,202.6787840266,2.5000000000
1,14.8042246922,invalid,"1,2,3",48,0,0,2322.8242999615,6.4671567276,202.6787840266,2.5000000000
1,14.8542246922,invalid,"1,2,3",48,0,0,2337.8098688586,6.4671567276,202.6787840266,2.5000000000
1,14.9042246922,invalid,"1,2,3",48,0,0,2352.7954409256,6.4671567276,202.6787840266,2.5000000000
1,14.9542246922,invalid,"1,2,3",48,0,0,2367.7810161023,6.4671567276,202.6787840266,2.5000000000
1,15.0042246922,invalid,"1,2,3",48,0,0,2382.7665943300,6.4671567276,202.6787840266,2.5000000000
1,15.0542246922,invalid,"1,2,3",48,0,0,2397.7521755515,6.4671567276,202.6787840266,2.5000000000
1,15.1042246922,invalid,"1,2,3",48,0,0,2412.7377597111,6.4671567276,202.6787840266,2.5000000000
1,15.1542246922,invalid,"1,2,3",48,0,0,2427.7233467543,6.4671567276,202.6787840266,2.5000000000
1,15.2042246922,invalid,"1,2,3",48,0,0,2442.7089366281,6.4671567276,202.6787840266,2.5000000000
1,15.2542246922,invalid,"1,2,3",48,0,0,2457.6945292806,6.4671567276,202.6787840266,2.5000000000
1,15.3042246922,invalid,"1,2,3",48,0,0,2472.6801246614,6.4671567276,202.6787840266,2.5000000000
1,15.3542246922,invalid,"1,2,3",48,0,0,2487.6657227212,6.4671567276,202.6787840266,2.5000000000
1,15.4042246922,invalid,"1,2,3",48,0,0,2502.6513234118,6.4671567276,202.6787840266,2.5000000000
1,15.4542246922,invalid,"1,2,3",48,0,0,2517.6369266863,6.4671567276,202.6787840266,2.5000000000
1,15.5042246922,invalid,"1,2,3",48,0,0,2532.6225324987,6.4671567276,202.6787840266,2.5000000000
1,15.5542246922,invalid,"1,2,3",48,0,0,2547.6081408043,6.4671567276,202.6787840266,2.5000000000
1,15.6042246922,invalid,"1,2,3",48,0,0,2562.5937515594,6.4671567276,202.6787840266,2.5000000000
1,15.6542246922,invalid,"1,2,3",48,0,0,2577.5793647213,6.4671567276,202.6787840266,2.5000000000
1,15.7042246922,invalid,"1,2,3",48,0,0,2592.5649802481,6.4671567276,202.6787840266,2.5000000000
1,15.7542246922,invalid,"1,2,3",48,0,0,2607.5505980992,6.4671567276,202.6787840266,2.5000000000
1,15.8042246922,invalid,"1,2,3",48,0,0,2622.5362182347,6.4671567276,202.6787840266,2.5000000000
1,15.8542246922,invalid,"1,2,3",48,0,0,2637.5218406156,6.4671567276,202.6787840266,2.5000000000
1,15.9042246922,invalid,"1,2,3",48,0,0,2652.5074652039,6.4671567276,202.6787840266,2.5000000000
1,15.9542246922,invalid,"1,2,3",48,0,0,2667.4930919624,6.4671567276,202.6787840266,2.5000000000
1,16.0042246922,invalid,"1,2,3",48,0,0,2682.4787208547,6.4671567276,202.6787840266,2.5000000000
1,16.0542246922,invalid,"1,2,3",48,0,0,2697.4643518453,6.4671567276,202.6787840266,2.5000000000
1,16.1042246922,invalid,"1,2,3",48,0,0,2712.4499848993,6.4671567276,202.6787840266,2.5000000000
1,16.1542246922,invalid,"1,2,3",48,0,0,2727.4356199828,6.4671567276,202.6787840266,2.5000000000
1,16.2042246922,invalid,"1,2,3",48,0,0,2742.4212570625,6.4671567276,202.6787840266,2.5000000000
1,16.2542246922,invalid,"1,2,3",48,0,0,2757.4068961059,6.4671567276,202.6787840266,2.5000000000
1,16.3042246922,invalid,"1,2,3",48,0,0,2772.3925370810,6.4671567276,202.6787840266,2.5000000000
1,16.3542246922,invalid,"1,2,3",48,0,0,2787.3781799568,6.4671567276,202.6787840266,2.5000000000
1,16.4042246922,invalid,"1,2,3",48,0,0,2802.3638247028,6.4671567276,202.6787840266,2.5000000000
1,16.4542246922,invalid,"1,2,3",48,0,0,2817.3494712891,6.4671567276,202.6787840266,2.5000000000
1,16.5042246922,invalid,"1,2,3",48,0,0,2832.3351196865,6.4671567276,202.6787840266,2.5000000000
1,16.5542246922,invalid,"1,2,3",48,0,0,2847.3207698663,6.4671567276,202.6787840266,2.5000000000
1,16.6042246922,invalid,"1,2,3",48,0,0,2862.3064218008,6.4671567276,202.6787840266,2.5000000000
1,16.6542246922,invalid,"1,2,3",48,0,0,2877.2920754623,6.4671567276,202.6787840266,2.5000000000
1,16.7042246922,invalid,"1,2,3",48,0,0,2892.2777308240,6.4671567276,202.6787840266,2.5000000000
1,16.7542246922,invalid,"1,2,3",48,0,0,2907.2633878597,6.4671567276,202.6787840266,2.5000000000
1,16.8042246922,invalid,"1,2,3",48,0,0,2922.2490465437,6.4671567276,202.6787840266,2.5000000000
1,16.8542246922,invalid,"1,2,3",48,0,0,2937.2347068506,6.4671567276,202.6787840266,2.5000000000
1,16.9042246922,invalid,"1,2,3",48,0,0,2952.2203687557,6.4671567276,202.6787840266,2.5000000000
1,16.9542246922,invalid,"1,2,3",48,0,0,2967.2060322349,6.4671567276,202.6787840266,2.5000000000
1,17.0042246922,invalid,"1,2,3",48,0,0,2982.1916972645,6.4671567276,202.6787840266,2.5000000000
1,17.0542246922,invalid,"1,2,3",48,0,0,2997.1773638211,6.4671567276,202.6787840266,2.5000000000
1,17.1042246922,invalid,"1,2,3",48,0,0,3012.1630318820,6.4671567276,202.6787840266,2.5000000000
1,17.1542246922,invalid,"1,2,3",48,0,0,3027.1487014248,6.4671567276,202.6787840266,2.5000000000
1,17.2042246922,invalid,"1,2,3",48,0,0,3042.1343724276,6.4671567276,202.6787840266,2.5000000000
1,17.2542246922,invalid,"1,2,3",48,0,0,3057.1200448690,6.4671567276,202.6787840266,2.5000000000
1,17.3042246922,invalid,"1,2,3",48,0,0,3072.1057187279,6.4671567276,202.6787840266,2.5000000000
1,17.3542246922,invalid,"1,2,3",48,0,0,3087.0913939837,6.4671567276,202.6787840266,2.5000000000
1,17.4042246922,invalid,"1,2,3",48,0,0,3102.0770706161,6.4671567276,202.6787840266,2.5000000000
1,17.4542246922,invalid,"1,2,3",48,0,0,3117.0627486053,6.4671567276,202.6787840266,2.5000000000
1,17.5042246922,invalid,"1,2,3",48,0,0,3132.0484279318,6.4671567276,202.6787840266,2.5000000000
1,17.5542246922,invalid,"1,2,3",48,0,0,3147.0341085765,6.4671567276,202.6787840266,2.5000000000
1,17.6042246922,invalid,"1,2,3",48,0,0,3162.0197905206,6.4671567276,202.6787840266,2.5000000000
1,17.6542246922,invalid,"1,2,3",48,0,0,3177.0054737457,6.4671567276,202.6787840266,2.5000000000
1,17.7042246922,invalid,"1,2,3",48,0,0,3191.9911582339,6.4671567276,202.6787840266,2.5000000000
1,17.7542246922,invalid,"1,2,3",48,0,0,3206.9768439674,6.4671567276,202.6787840266,2.5000000000
1,17.8042246922,invalid,"1,2,3",48,0,0,3221.9625309289,6.4671567276,202.6787840266,2.5000000000
1,17.8542246922,invalid,"1,2,3",48,0,0,3236.9482191012,6.4671567276,202.6787840266,2.5000000000
1,17.9042246922,invalid,"1,2,3",48,0,0,3251.9339084676,6.4671567276,202.6787840266,2.5000000000
1,17.9542246922,invalid,"1,2,3",48,0,0,3266.9195990118,6.4671567276,202.6787840266,2.5000000000
1,18.0042246922,invalid,"1,2,3",48,0,0,3281.9052907175,6.4671567276,202.6787840266,2.5000000000
1,18.0542246922,invalid,"1,2,3",48,0,0,3296.8909835690,6.4671567276,202.6787840266,2.5000000000
1,18.1042246922,invalid,"1,2,3",48,0,0,3311.8766775507,6.4671567276,202.6787840266,2.5000000000
1,18.1542246922,invalid,"1,2,3",48,0,0,3326.8623726472,6.4671567276,202.6787840266,2.5000000000
1,18.2042246922,invalid,"1,2,3",48,0,0,3341.8480688437,6.4671567276,202.6787840266,2.5000000000
1,18.2542246922,invalid,"1,2,3",48,0,0,3356.8337661254,6.4671567276,202.6787840266,2.5000000000
1,18.3042246922,invalid,"1,2,3",48,0,0,3371.8194644777,6.4671567276,202.6787840266,2.5000000000
1,18.3542246922,invalid,"1,2,3",48,0,0,3386.8051638866,6.4671567276,202.6787840266,2.5000000000
1,18.4042246922,invalid,"1,2,3",48,0,0,3401.7908643380,6.4671567276,202.6787840266,2.5000000000
1,18.4542246922,invalid,"1,2,3",48,0,0,3416.7765658182,6.4671567276,202.6787840266,2.5000000000
1,18.5042246922,invalid,"1,2,3",48,0,0,3431.7622683138,6.4671567276,202.6787840266,2.5000000000
1,18.5542246922,invalid,"1,2,3",48,0,0,3446.7479718115,6.4671567276,202.6787840266,2.5000000000
1,18.6042246922,invalid,"1,2,3",48,0,0,3461.7336762982,6.4671567276,202.6787840266,2.5000000000
1,18.6542246922,invalid,"1,2,3",48,0,0,3476.7193817612,6.4671567276,202.6787840266,2.5000000000
1,18.7042246922,invalid,"1,2,3",48,0,0,3491.7050881880,6.4671567276,202.6787840266,2.5000000000
1,18.7542246922,invalid,"1,2,3",48,0,0,3506.6907955661,6.4671567276,202.6787840266,2.5000000000
1,18.8042246922,invalid,"1,2,3",48,0,0,3521.6765038835,6.4671567276,202.6787840266,2.5000000000
1,18.8542246922,invalid,"1,2,3",48,0,0,3536.6622131281,6.4671567276,202.6787840266,2.5000000000
1,18.9042246922,invalid,"1,2,3",48,0,0,3551.6479232883,6.4671567276,202.6787840266,2.5000000000
1,18.9542246922,invalid,"1,2,3",48,0,0,3566.6336343525,6.4671567276,202.6787840266,2.5000000000
1,19.0042246922,invalid,"1,2,3",48,0,0,3581.6193463094,6.4671567276,202.6787840266,2.5000000000
1,19.0542246922,invalid,"1,2,3",48,0,0,3596.6050591477,6.4671567276,202.6787840266,2.5000000000
1,19.1042246922,invalid,"1,2,3",48,0,0,3611.5907728566,6.4671567276,202.6787840266,2.5000000000
1,19.1542246922,invalid,"1,2,3",48,0,0,3626.5764874252,6.4671567276,202.6787840266,2.5000000000
1,19.2042246922,invalid,"1,2,3",48,0,0,3641.5622028430,6.4671567276,202.6787840266,2.5000000000
1,19.2542246922,invalid,"1,2,3",48,0,0,3656.5479190994,6.4671567276,202.6787840266,2.5000000000
1,19.3042246922,invalid,"1,2,3",48,0,0,3671.5336361842,6.4671567276,202.6787840266,2.5000000000
1,19.3542246922,invalid,"1,2,3",48,0,0,3686.5193540874,6.4671567276,202.6787840266,2.5000000000
1,19.4042246922,invalid,"1,2,3",48,0,0,3701.5050727989,6.4671567276,202.6787840266,2.5000000000
1,19.4542246922,invalid,"1,2,3",48,0,0,3716.4907923090,6.4671567276,202.6787840266,2.5000000000
1,19.5042246922,invalid,"1,2,3",48,0,0,3731.4765126081,6.4671567276,202.6787840266,2.5000000000
1,19.5542246922,invalid,"1,2,3",48,0,0,3746.4622336867,6.4671567276,202.6787840266,2.5000000000
1,19.6042246922,invalid,"1,2,3",48,0,0,3761.4479555355,6.4671567276,202.6787840266,2.5000000000
1,19.6542246922,invalid,"1,2,3",48,0,0,3776.4336781453,6.4671567276,202.6787840266,2.5000000000
1,19.7042246922,invalid,"1,2,3",48,0,0,3791.4194015071,6.4671567276,202.6787840266,2.5000000000
1,19.7542246922,invalid,"1,2,3",48,0,0,3806.4051256120,6.4671567276,202.6787840266,2.5000000000
1,19.8042246922,invalid,"1,2,3",48,0,0,3821.3908504512,6.4671567276,202.6787840266,2.5000000000
1,19.8542246922,invalid,"1,2,3",48,0,0,3836.3765760163,6.4671567276,202.6787840266,2.5000000000
1,19.9042246922,invalid,"1,2,3",48,0,0,3851.3623022986,6.4671567276,202.6787840266,2.5000000000
1,19.9542246922,invalid,"1,2,3",48,0,0,3866.3480292899,6.4671567276,202.6787840266,2.5000000000
1,20.0042246922,invalid,"1,2,3",48,0,0,3881.3337569819,6.4671567276,202.6787840266,2.5000000000
1,20.0542246922,invalid,"1,2,3",48,0,0,3896.3194853666,6.4671567276,202.6787840266,2.5000000000
1,20.1042246922,invalid,"1,2,3",48,0,0,3911.3052144359,6.4671567276,202.6787840266,2.5000000000
1,20.1542246922,invalid,"1,2,3",48,0,0,3926.2909441822,6.4671567276,202.6787840266,2.5000000000
1,20.2042246922,invalid,"1,2,3",48,0,0,3941.2766745975,6.4671567276,202.6787840266,2.5000000000
1,20.2542246922,invalid,"1,2,3",48,0,0,3956.2624056744,6.4671567276,202.6787840266,2.5000000000
1,20.3042246922,invalid,"1,2,3",48,0,0,3971.2481374053,6.4671567276,202.6787840266,2.5000000000
1,20.3542246922,invalid,"1,2,3",48,0,0,3986.2338697829,6.4671567276,202.6787840266,2.5000000000
1,20.4042246922,invalid,"1,2,3",48,0,0,4001.2196027999,6.4671567276,202.6787840266,2.5000000000
1,20.4542246922,invalid,"1,2,3",48,0,0,4016.2053364491,6.4671567276,202.6787840266,2.5000000000
1,20.5042246922,invalid,"1,2,3",48,0,0,4031.1910707235,6.4671567276,202.6787840266,2.5000000000
1,20.5542246922,invalid,"1,2,3",48,0,0,4046.1768056162,6.4671567276,202.6787840266,2.5000000000
1,20.6042246922,invalid,"1,2,3",48,0,0,4061.1625411203,6.4671567276,202.6787840266,2.5000000000
1,20.6542246922,invalid,"1,2,3",48,0,0,4076.1482772290,6.4671567276,202.6787840266,2.5000000000
1,20.7042246922,invalid,"1,2,3",48,0,0,4091.1340139357,6.4671567276,202.6787840266,2.5000000000
1,20.7542246922,invalid,"1,2,3",48,0,0,4106.1197512339,6.4671567276,202.6787840266,2.5000000000
1,20.7884445524,invalid,"1,2,3",48,0,0,4116.3759482631,6.4671567276,202.6787840266,2.5000000000
1,20.7884445524,invalid,"2,3",48,0,0,4194.1282182488,6.4671567276,202.6787840266,2.5000000000
1,20.8384445524,invalid,"2,3",48,0,0,4209.1138577448,6.4671567276,202.6787840266,2.5000000000
1,20.8884445524,invalid,"2,3",48,0,0,4224.0994985056,6.4671567276,202.6787840266,2.5000000000
1,20.9384445524,invalid,"2,3",48,0,0,4239.0851405176,6.4671567276,202.6787840266,2.5000000000
1,20.9884445524,invalid,"2,3",48,0,0,4254.0707837677,6.4671567276,202.6787840266,2.5000000000
1,21.0384445524,invalid,"2,3",48,0,0,4269.0564282428,6.4671567276,202.6787840266,2.5000000000
1,21.0884445524,invalid,"2,3",48,0,0,4284.0420739301,6.4671567276,202.6787840266,2.5000000000
1,21.1384445524,invalid,"2,3",48,0,0,4299.0277208168,6.4671567276,202.6787840266,2.5000000000
1,21.1884445524,invalid,"2,3",48,0,0,4314.0133688905,6.4671567276,202.6787840266,2.5000000000
1,21.2384445524,invalid,"2,3",48,0,0,4328.9990181389,6.4671567276,202.6787840266,2.5000000000
1,21.2884445524,invalid,"2,3",48,0,0,4343.9846685498,6.4671567276,202.6787840266,2.5000000000
1,21.3384445524,invalid,"2,3",48,0,0,4358.9703201112,6.4671567276,202.6787840266,2.5000000000
1,21.3884445524,invalid,"2,3",48,0,0,4373.9559728112,6.4671567276,202.6787840266,2.5000000000
1,21.4321674403,invalid,"2,3",48,0,0,4387.0602940036,6.4671567276,202.6787840266,2.5000000000
1,21.4321674403,invalid,3,48,0,0,5350.9392016112,6.4671567276,202.6787840266,2.5000000000
1,21.4821674403,invalid,3,48,0,0,5365.9068868694,6.4671567276,202.6787840266,2.5000000000
1,21.5321674403,invalid,3,48,0,0,5380.8746730650,6.4671567276,202.6787840266,2.5000000000
1,21.5821674403,invalid,3,48,0,0,5395.8425593580,6.4671567276,202.6787840266,2.5000000000
1,21.6321674403,invalid,3,48,0,0,5410.8105449176,6.4671567276,202.6787840266,2.5000000000
1,21.6821674403,invalid,3,48,0,0,5425.7786289223,6.4671567276,202.6787840266,2.5000000000
1,21.7321674403,invalid,3,48,0,0,5440.7468105598,6.4671567276,202.6787840266,2.5000000000
1,21.7821674403,invalid,3,48,0,0,5455.7150890262,6.4671567276,202.6787840266,2.5000000000
1,21.8321674403,invalid,3,48,0,0,5470.6834635269,6.4671567276,202.6787840266,2.5000000000
1,21.8821674403,invalid,3,48,0,0,5485.6519332758,6.4671567276,202.6787840266,2.5000000000
1,21.9321674403,invalid,3,48,0,0,5500.6204974952,6.4671567276,202.6787840266,2.5000000000
1,21.9821674403,invalid,3,48,0,0,5515.5891554160,6.4671567276,202.6787840266,2.5000000000
1,22.0321674403,invalid,3,48,0,0,5530.5579062774,6.4671567276,202.6787840266,2.5000000000
1,22.0821674403,invalid,3,48,0,0,5545.5267493268,6.4671567276,202.6787840266,2.5000000000
1,22.1321674403,invalid,3,48,0,0,5560.4956838196,6.4671567276,202.6787840266,2.5000000000
1,22.1821674403,invalid,3,48,0,0,5575.4647090194,6.4671567276,202.6787840266,2.5000000000
1,22.2321674403,invalid,3,48,0,0,5590.4338241976,6.4671567276,202.6787840266,2.5000000000
1,22.2821674403,invalid,3,48,0,0,5605.4030286332,6.4671567276,202.6787840266,2.5000000000
1,22.3321674403,invalid,3,48,0,0,5620.3723216130,6.4671567276,202.6787840266,2.5000000000
1,22.3821674403,invalid,3,48,0,0,5635.3417024316,6.4671567276,202.6787840266,2.5000000000
1,22.4321674403,invalid,3,48,0,0,5650.3111703907,6.4671567276,202.6787840266,2.5000000000
1,22.4821674403,invalid,3,48,0,0,5665.2807247995,6.4671567276,202.6787840266,2.5000000000
1,22.5321674403,invalid,3,48,0,0,5680.2503649747,6.4671567276,202.6787840266,2.5000000000
1,22.5821674403,invalid,3,48,0,0,5695.2200902399,6.4671567276,202.6787840266,2.5000000000
1,22.6321674403,invalid,3,48,0,0,5710.1898999259,6.4671567276,202.6787840266,2.5000000000
1,22.6821674403,invalid,3,48,0,0,5725.1597933704,6.4671567276,202.6787840266,2.5000000000
1,22.7321674403,invalid,3,48,0,0,5740.1297699182,6.4671567276,202.6787840266,2.5000000000
1,22.7821674403,invalid,3,48,0,0,5755.0998289208,6.4671567276,202.6787840266,2.5000000000
1,22.8321674403,invalid,3,48,0,0,5770.0699697364,6.4671567276,202.6787840266,2.5000000000
1,22.8821674403,invalid,3,48,0,0,5785.0401917298,6.4671567276,202.6787840266,2.5000000000
1,22.9321674403,invalid,3,48,0,0,5800.0104942725,6.4671567276,202.6787840266,2.5000000000
1,22.9821674403,invalid,3,48,0,0,5814.9808767425,6.4671567276,202.6787840266,2.5000000000
1,23.0321674403,invalid,3,48,0,0,5829.9513385239,6.4671567276,202.6787840266,2.5000000000
1,23.0821674403,invalid,3,48,0,0,5844.9218790073,6.4671567276,202.6787840266,2.5000000000
1,23.1321674403,invalid,3,48,0,0,5859.8924975896,6.4671567276,202.6787840266,2.5000000000
1,23.1821674403,invalid,3,48,0,0,5874.8631936737,6.4671567276,202.6787840266,2.5000000000
1,23.2321674403,invalid,3,48,0,0,5889.8339666686,6.4671567276,202.6787840266,2.5000000000
1,23.2821674403,invalid,3,48,0,0,5904.8048159894,6.4671567276,202.6787840266,2.5000000000
1,23.3321674403,invalid,3,48,0,0,5919.7757410569,6.4671567276,202.6787840266,2.5000000000
1,23.3821674403,invalid,3,48,0,0,5934.7467412980,6.4671567276,202.6787840266,2.5000000000
1,23.4321674403,invalid,3,48,0,0,5949.7178161451,6.4671567276,202.6787840266,2.5000000000
1,23.4821674403,invalid,3,48,0,0,5964.6889650366,6.4671567276,202.6787840266,2.5000000000
1,23.5321674403,invalid,3,48,0,0,5979.6601874161,6.4671567276,202.6787840266,2.5000000000
1,23.5821674403,invalid,3,48,0,0,5994.6314827333,6.4671567276,202.6787840266,2.5000000000
1,23.6321674403,invalid,3,48,0,0,6009.6028504428,6.4671567276,202.6787840266,2.5000000000
1,23.6821674403,invalid,3,48,0,0,6024.5742900052,6.4671567276,202.6787840266,2.5000000000
1,23.7321674403,invalid,3,48,0,0,6039.5458008859,6.4671567276,202.6787840266,2.5000000000
1,23.7821674403,invalid,3,48,0,0,6054.5173825559,6.4671567276,202.6787840266,2.5000000000
1,23.8321674403,invalid,3,48,0,0,6069.4890344914,6.4671567276,202.6787840266,2.5000000000
1,23.8821674403,invalid,3,48,0,0,6084.4607561737,6.4671567276,202.6787840266,2.5000000000
1,23.9321674403,invalid,3,48,0,0,6099.4325470892,6.4671567276,202.6787840266,2.5000000000
1,23.9821674403,invalid,3,48,0,0,6114.4044067293,6.4671567276,202.6787840266,2.5000000000
1,24.0321674403,invalid,3,48,0,0,6129.3763345903,6.4671567276,202.6787840266,2.5000000000
1,24.0821674403,invalid,3,48,0,0,6144.3483301737,6.4671567276,202.6787840266,2.5000000000
1,24.1321674403,invalid,3,48,0,0,6159.3203929856,6.4671567276,202.6787840266,2.5000000000
1,24.1821674403,invalid,3,48,0,0,6174.2925225368,6.4671567276,202.6787840266,2.5000000000
1,24.2321674403,invalid,3,48,0,0,6189.2647183430,6.4671567276,202.6787840266,2.5000000000
1,24.2821674403,invalid,3,48,0,0,6204.2369799246,6.4671567276,202.6787840266,2.5000000000
1,24.3321674403,invalid,3,48,0,0,6219.2093068066,6.4671567276,202.6787840266,2.5000000000
1,24.3821674403,invalid,3,48,0,0,6234.1816985184,6.4671567276,202.6787840266,2.5000000000
1,24.4321674403,invalid,3,48,0,0,6249.1541545940,6.4671567276,202.6787840266,2.5000000000
1,24.4821674403,invalid,3,48,0,0,6264.1266745720,6.4671567276,202.6787840266,2.5000000000
1,24.5321674403,invalid,3,48,0,0,6279.0992579952,6.4671567276,202.6787840266,2.5000000000
1,24.5821674403,invalid,3,48,0,0,6294.0719044108,6.4671567276,202.6787840266,2.5000000000
1,24.6321674403,invalid,3,48,0,0,6309.0446133704,6.4671567276,202.6787840266,2.5000000000
1,24.6821674403,invalid,3,48,0,0,6324.0173844297,6.4671567276,202.6787840266,2.5000000000
1,24.7321674403,invalid,3,48,0,0,6338.9902171486,6.4671567276,202.6787840266,2.5000000000
1,24.7821674403,invalid,3,48,0,0,6353.9631110914,6.4671567276,202.6787840266,2.5000000000
1,24.8321674403,invalid,3,48,0,0,6368.9360658261,6.4671567276,202.6787840266,2.5000000000
1,24.8821674403,invalid,3,48,0,0,6383.9090809251,6.4671567276,202.6787840266,2.5000000000
1,24.9321674403,invalid,3,48,0,0,6398.8821559645,6.4671567276,202.6787840266,2.5000000000
1,24.9821674403,invalid,3,48,0,0,6413.8552905247,6.4671567276,202.6787840266,2.5000000000
1,25.0321674403,invalid,3,48,0,0,6428.8284841896,6.4671567276,202.6787840266,2.5000000000
1,25.0821674403,invalid,3,48,0,0,6443.8017365474,6.4671567276,202.6787840266,2.5000000000
1,25.1321674403,invalid,3,48,0,0,6458.7750471897,6.4671567276,202.6787840266,2.5000000000
1,25.1821674403,invalid,3,48,0,0,6473.7484157123,6.4671567276,202.6787840266,2.5000000000
1,25.2321674403,invalid,3,48,0,0,6488.7218417143,6.4671567276,202.6787840266,2.5000000000
1,25.2821674403,invalid,3,48,0,0,6503.6953247987,6.4671567276,202.6787840266,2.5000000000
1,25.3321674403,invalid,3,48,0,0,6518.6688645723,6.4671567276,202.6787840266,2.5000000000
1,25.3821674403,invalid,3,48,0,0,6533.6424606453,6.4671567276,202.6787840266,2.5000000000
1,25.4321674403,invalid,3,48,0,0,6548.6161126314,6.4671567276,202.6787840266,2.5000000000
1,25.4821674403,invalid,3,48,0,0,6563.5898201481,6.4671567276,202.6787840266,2.5000000000
1,25.5321674403,invalid,3,48,0,0,6578.5635828160,6.4671567276,202.6787840266,2.5000000000
1,25.5821674403,invalid,3,48,0,0,6593.5374002595,6.4671567276,202.6787840266,2.5000000000
1,25.6321674403,invalid,3,48,0,0,6608.5112721063,6.4671567276,202.6787840266,2.5000000000
1,25.6821674403,invalid,3,48,0,0,6623.4851979874,6.4671567276,202.6787840266,2.5000000000
1,25.7321674403,invalid,3,48,0,0,6638.4591775371,6.4671567276,202.6787840266,2.5000000000
1,25.7821674403,invalid,3,48,0,0,6653.4332103930,6.4671567276,202.6787840266,2.5000000000
1,25.8321674403,invalid,3,48,0,0,6668.4072961961,6.4671567276,202.6787840266,2.5000000000
1,25.8821674403,invalid,3,48,0,0,6683.3814345905,6.4671567276,202.6787840266,2.5000000000
1,25.9321674403,invalid,3,48,0,0,6698.3556252235,6.4671567276,202.6787840266,2.5000000000
1,25.9821674403,invalid,3,48,0,0,6713.3298677455,6.4671567276,202.6787840266,2.5000000000
1,26.0321674403,invalid,3,48,0,0,6728.3041618101,6.4671567276,202.6787840266,2.5000000000
1,26.0821674403,invalid,3,48,0,0,6743.2785070739,6.4671567276,202.6787840266,2.5000000000
1,26.1321674403,invalid,3,48,0,0,6758.2529031966,6.4671567276,202.6787840266,2.5000000000
1,26.1821674403,invalid,3,48,0,0,6773.2273498408,6.4671567276,202.6787840266,2.5000000000
1,26.2321674403,invalid,3,48,0,0,6788.2018466723,6.4671567276,202.6787840266,2.5000000000
1,26.2821674403,invalid,3,48,0,0,6803.1763933596,6.4671567276,202.6787840266,2.5000000000
1,26.3321674403,invalid,3,48,0,0,6818.1509895742,6.4671567276,202.6787840266,2.5000000000
1,26.3821674403,invalid,3,48,0,0,6833.1256349905,6.4671567276,202.6787840266,2.5000000000
1,26.4321674403,invalid,3,48,0,0,6848.1003292857,6.4671567276,202.6787840266,2.5000000000
1,26.4821674403,invalid,3,48,0,0,6863.0750721400,6.4671567276,202.6787840266,2.5000000000
1,26.5321674403,invalid,3,48,0,0,6878.0498632361,6.4671567276,202.6787840266,2.5000000000
1,26.5821674403,invalid,3,48,0,0,6893.0247022596,6.4671567276,202.6787840266,2.5000000000
1,26.6321674403,invalid,3,48,0,0,6907.9995888988,6.4671567276,202.6787840266,2.5000000000
1,26.6821674403,invalid,3,48,0,0,6922.9745228448,6.4671567276,202.6787840266,2.5000000000
1,26.7321674403,invalid,3,48,0,0,6937.9495037912,6.4671567276,202.6787840266,2.5000000000
1,26.7821674403,invalid,3,48,0,0,6952.9245314344,6.4671567276,202.6787840266,2.5000000000
1,26.8321674403,invalid,3,48,0,0,6967.8996054732,6.4671567276,202.6787840266,2.5000000000
1,26.8821674403,invalid,3,48,0,0,6982.8747256092,6.4671567276,202.6787840266,2.5000000000
1,26.9321674403,invalid,3,48,0,0,6997.8498915465,6.4671567276,202.6787840266,2.5000000000
1,26.9821674403,invalid,3,48,0,0,7012.8251029915,6.4671567276,202.6787840266,2.5000000000
1,27.0321674403,invalid,3,48,0,0,7027.8003596535,6.4671567276,202.6787840266,2.5000000000
1,27.0821674403,invalid,3,48,0,0,7042.7756612439,6.4671567276,202.6787840266,2.5000000000
1,27.1321674403,invalid,3,48,0,0,7057.7510074769,6.4671567276,202.6787840266,2.5000000000
1,27.1821674403,invalid,3,48,0,0,7072.7263980687,6.4671567276,202.6787840266,2.5000000000
1,27.2321674403,invalid,3,48,0,0,7087.7018327383,6.4671567276,202.6787840266,2.5000000000
1,27.2821674403,invalid,3,48,0,0,7102.6773112068,6.4671567276,202.6787840266,2.5000000000
1,27.3321674403,invalid,3,48,0,0,7117.6528331979,6.4671567276,202.6787840266,2.5000000000
1,27.3821674403,invalid,3,48,0,0,7132.6283984372,6.4671567276,202.6787840266,2.5000000000
1,27.4321674403,invalid,3,48,0,0,7147.6040066531,6.4671567276,202.6787840266,2.5000000000
1,27.4821674403,invalid,3,48,0,0,7162.5796575759,6.4671567276,202.6787840266,2.5000000000
1,27.5321674403,invalid,3,48,0,0,7177.5553509383,6.4671567276,202.6787840266,2.5000000000
1,27.5821674403,invalid,3,48,0,0,7192.5310864752,6.4671567276,202.6787840266,2.5000000000
1,27.6321674403,invalid,3,48,0,0,7207.5068639238,6.4671567276,202.6787840266,2.5000000000
1,27.6821674403,invalid,3,48,0,0,7222.4826830233,6.4671567276,202.6787840266,2.5000000000
1,27.7321674403,invalid,3,48,0,0,7237.4585435151,6.4671567276,202.6787840266,2.5000000000
1,27.7821674403,invalid,3,48,0,0,7252.4344451429,6.4671567276,202.6787840266,2.5000000000
1,27.8321674403,invalid,3,48,0,0,7267.4103876524,6.4671567276,202.6787840266,2.5000000000
1,27.8821674403,invalid,3,48,0,0,7282.3863707913,6.4671567276,202.6787840266,2.5000000000
1,27.9321674403,invalid,3,48,0,0,7297.3623943095,6.4671567276,202.6787840266,2.5000000000
1,27.9821674403,invalid,3,48,0,0,7312.3384579588,6.4671567276,202.6787840266,2.5000000000
1,28.0321674403,invalid,3,48,0,0,7327.3145614933,6.4671567276,202.6787840266,2.5000000000
1,28.0821674403,invalid,3,48,0,0,7342.2907046689,6.4671567276,202.6787840266,2.5000000000
1,28.1321674403,invalid,3,48,0,0,7357.2668872434,6.4671567276,202.6787840266,2.5000000000
1,28.1821674403,invalid,3,48,0,0,7372.2431089768,6.4671567276,202.6787840266,2.5000000000
1,28.2321674403,invalid,3,48,0,0,7387.2193696310,6.4671567276,202.6787840266,2.5000000000
1,28.2821674403,invalid,3,48,0,0,7402.1956689696,6.4671567276,202.6787840266,2.5000000000
1,28.3321674403,invalid,3,48,0,0,7417.1720067583,6.4671567276,202.6787840266,2.5000000000
1,28.3821674403,invalid,3,48,0,0,7432.1483827648,6.4671567276,202.6787840266,2.5000000000
1,28.4321674403,invalid,3,48,0,0,7447.1247967584,6.4671567276,202.6787840266,2.5000000000
1,28.4821674403,invalid,3,48,0,0,7462.1012485104,6.4671567276,202.6787840266,2.5000000000
1,28.5321674403,invalid,3,48,0,0,7477.0777377940,6.4671567276,202.6787840266,2.5000000000
1,28.5821674403,invalid,3,48,0,0,7492.0542643840,6.4671567276,202.6787840266,2.5000000000
1,28.6321674403,invalid,3,48,0,0,7507.0308280572,6.4671567276,202.6787840266,2.5000000000
1,28.6821674403,invalid,3,48,0,0,7522.0074285921,6.4671567276,202.6787840266,2.5000000000
1,28.7321674403,invalid,3,48,0,0,7536.9840657689,6.4671567276,202.6787840266,2.5000000000
1,28.7821674403,invalid,3,48,0,0,7551.9607393697,6.4671567276,202.6787840266,2.5000000000
1,28.8321674403,invalid,3,48,0,0,7566.9374491781,6.4671567276,202.6787840266,2.5000000000
1,28.8821674403,invalid,3,48,0,0,7581.9141949796,6.4671567276,202.6787840266,2.5000000000
1,28.9321674403,invalid,3,48,0,0,7596.8909765613,6.4671567276,202.6787840266,2.5000000000
1,28.9821674403,invalid,3,48,0,0,7611.8677937121,6.4671567276,202.6787840266,2.5000000000
1,29.0321674403,invalid,3,48,0,0,7626.8446462223,6.4671567276,202.6787840266,2.5000000000
1,29.0821674403,invalid,3,48,0,0,7641.8215338841,6.4671567276,202.6787840266,2.5000000000
1,29.1321674403,invalid,3,48,0,0,7656.7984564913,6.4671567276,202.6787840266,2.5000000000
1,29.1821674403,invalid,3,48,0,0,7671.7754138391,6.4671567276,202.6787840266,2.5000000000
1,29.2321674403,invalid,3,48,0,0,7686.7524057245,6.4671567276,202.6787840266,2.5000000000
1,29.2821674403,invalid,3,48,0,0,7701.7294319459,6.4671567276,202.6787840266,2.5000000000
1,29.3321674403,invalid,3,48,0,0,7716.7064923036,6.4671567276,202.6787840266,2.5000000000
1,29.3821674403,invalid,3,48,0,0,7731.6835865990,6.4671567276,202.6787840266,2.5000000000
1,29.4321674403,invalid,3,48,0,0,7746.6607146354,6.4671567276,202.6787840266,2.5000000000
1,29.4821674403,invalid,3,48,0,0,7761.6378762175,6.4671567276,202.6787840266,2.5000000000
1,29.5042246922,invalid,3,48,0,0,7768.2449873549,6.4671567276,202.6787840266,2.5000000000
2,0.9241540497,valid,1,2888,2178,0,,,,
2,0.9741540497,valid,1,1580,1197,0,,,,
2,1.0241540497,valid,1,1104,840,0,,,,
2,1.0741540497,valid,1,780,597,0,,,,
2,1.1241540497,valid,1,596,459,0,,,,
2,1.1741540497,valid,1,480,372,0,,,,
2,1.2241540497,valid,1,384,300,0,,,,
2,1.2741540497,valid,1,304,240,0,,,,
2,1.3241540497,valid,1,268,213,0,,,,
2,1.3741540497,valid,1,236,189,0,,,,
2,1.4241540497,valid,1,208,168,0,,,,
2,1.4741540497,valid,1,200,162,0,,,,
2,1.5241540497,valid,1,176,144,0,,,,
2,1.5741540497,valid,1,152,126,0,,,,
2,1.6241540497,valid,1,136,114,0,,,,
2,1.6741540497,valid,1,112,96,0,,,,
2,1.7241540497,valid,1,96,84,0,,,,
2,1.7741540497,valid,1,88,78,0,,,,
2,1.8241540497,valid,1,68,63,0,,,,
2,1.8741540497,valid,1,60,57,0,,,,
2,1.9241540497,valid,1,48,48,0,,,,
2,1.9741540497,valid,1,48,48,0,,,,
2,2.0241540497,valid,1,48,48,0,,,,
2,2.0741540497,valid,1,48,48,0,,,,
2,2.1241540497,valid,1,48,48,0,,,,
2,2.1741540497,valid,1,48,48,0,,,,
2,2.2241540497,valid,1,48,48,0,,,,
2,2.2741540497,valid,1,48,48,0,,,,
2,2.3241540497,valid,1,48,48,0,,,,
2,2.3741540497,valid,1,48,48,0,,,,
2,2.4241540497,valid,1,48,48,0,,,,
2,2.4741540497,valid,1,48,48,0,,,,
2,2.5241540497,valid,1,48,48,0,,,,
2,2.5741540497,valid,1,48,48,0,,,,
2,2.6241540497,valid,1,48,48,0,,,,
2,2.6741540497,valid,1,48,48,0,,,,
2,2.7241540497,valid,1,48,48,0,,,,
2,2.7741540497,valid,1,48,48,0,,,,
2,2.8241540497,valid,1,48,48,0,,,,
2,2.8741540497,valid,1,48,48,0,,,,
2,2.9241540497,valid,1,48,48,0,,,,
2,2.9741540497,valid,1,48,48,0,,,,
2,3.0241540497,valid,1,48,48,0,,,,
2,3.0741540497,valid,1,48,48,0,,,,
2,3.1241540497,valid,1,48,48,0,,,,
2,3.1741540497,valid,1,48,48,0,,,,
2,3.2241540497,valid,1,48,48,0,,,,
2,3.2741540497,valid,1,48,48,0,,,,
2,3.3241540497,valid,1,48,48,0,,,,
2,3.3741540497,valid,1,48,48,0,,,,
2,3.4241540497,valid,1,48,48,0,,,,
2,3.4741540497,valid,1,48,48,0,,,,
2,3.5241540497,valid,1,48,48,0,,,,
2,3.5741540497,valid,1,48,48,0,,,,
2,3.6241540497,valid,1,48,48,0,,,,
2,3.6741540497,valid,1,48,48,0,,,,
2,3.7241540497,valid,1,48,48,0,,,,
2,3.7741540497,valid,1,48,48,0,,,,
2,3.8241540497,valid,1,48,48,0,,,,
2,3.8741540497,valid,1,48,48,0,,,,
2,3.9241540497,valid,1,48,48,0,,,,
2,3.9741540497,valid,1,48,48,0,,,,
2,4.0241540497,valid,1,48,48,0,,,,
2,4.0741540497,valid,1,48,48,0,,,,
2,4.1241540497,valid,1,48,48,0,,,,
2,4.1741540497,valid,1,48,48,0,,,,
2,4.2241540497,valid,1,48,48,0,,,,
2,4.2741540497,valid,1,48,48,0,,,,
2,4.3241540497,valid,1,48,48,0,,,,
2,4.3741540497,valid,1,48,48,0,,,,
2,4.4241540497,valid,1,68,63,0,,,,
2,4.4741540497,valid,1,96,84,0,,,,
2,4.5241540497,valid,1,112,96,0,,,,
2,4.5741540497,valid,1,116,99,0,,,,
2,4.6241540497,valid,1,136,114,0,,,,
2,4.6741540497,valid,1,168,138,0,,,,
2,4.7241540497,valid,1,176,144,0,,,,
2,4.7741540497,valid,1,208,168,0,,,,
2,4.8241540497,valid,1,240,192,0,,,,
2,4.8741540497,valid,1,240,192,0,,,,
2,4.9241540497,valid,1,256,204,0,,,,
2,4.9741540497,valid,1,304,240,0,,,,
2,5.0241540497,valid,1,404,315,0,,,,
2,5.0741540497,valid,1,604,465,0,,,,
2,5.1241540497,valid,1,816,624,0,,,,
2,5.1741540497,valid,1,880,672,0,,,,
2,5.2241540497,valid,1,1064,810,0,,,,
2,5.2741540497,valid,1,1964,1485,0,,,,
2,5.3241540497,valid,1,3236,2439,0,,,,
2,5.3741540497,valid,1,6376,4794,0,,,,
2,5.4241540497,uncertain,1,4080,706,41,,,,
2,5.4741540497,invalid,1,48,0,0,10.0168327489,-4.8503675457,197.9909119801,10.0000000000
2,5.5241540497,invalid,1,48,0,0,10.0074168225,6.4671567276,202.6787840266,2.5000000000
2,5.5741540497,invalid,1,48,0,0,10.2258847274,6.4671567276,202.6787840266,2.5000000000
2,5.6241540497,invalid,1,48,0,0,10.4445430681,6.4671567276,202.6787840266,2.5000000000
2,5.6741540497,invalid,1,48,0,0,10.6633923936,6.4671567276,202.6787840266,2.5000000000
2,5.7241540497,invalid,1,48,0,0,10.8824332572,6.4671567276,202.6787840266,2.5000000000
2,5.7741540497,invalid,1,48,0,0,11.1016662159,6.4671567276,202.6787840266,2.5000000000
2,5.8241540497,invalid,1,48,0,0,11.3210918306,6.4671567276,202.6787840266,2.5000000000
2,5.8741540497,invalid,1,48,0,0,11.5407106658,6.4671567276,202.6787840266,2.5000000000
2,5.9241540497,invalid,1,48,0,0,11.7605232896,6.4671567276,202.6787840266,2.5000000000
2,5.9741540497,invalid,1,48,0,0,11.9805302734,6.4671567276,202.6787840266,2.5000000000
2,6.0241540497,invalid,1,48,0,0,12.2007321918,6.4671567276,202.6787840266,2.5000000000
2,6.0741540497,invalid,1,48,0,0,12.4211296226,6.4671567276,202.6787840266,2.5000000000
2,6.1241540497,invalid,1,48,0,0,12.6417231469,6.4671567276,202.6787840266,2.5000000000
2,6.1741540497,invalid,1,48,0,0,12.8625133484,6.4671567276,202.6787840266,2.5000000000
2,6.2241540497,invalid,1,48,0,0,13.0835008143,6.4671567276,202.6787840266,2.5000000000
2,6.2741540497,invalid,1,48,0,0,13.3046861342,6.4671567276,202.6787840266,2.5000000000
2,6.3241540497,invalid,1,48,0,0,13.5260699009,6.4671567276,202.6787840266,2.5000000000
2,6.3741540497,invalid,1,48,0,0,13.7476527098,6.4671567276,202.6787840266,2.5000000000
2,6.4241540497,invalid,1,48,0,0,13.9694351591,6.4671567276,202.6787840266,2.5000000000
2,6.4741540497,invalid,1,48,0,0,14.1914178499,6.4671567276,202.6787840266,2.5000000000
2,6.5241540497,invalid,1,48,0,0,14.4136013858,6.4671567276,202.6787840266,2.5000000000
2,6.5741540497,invalid,1,48,0,0,14.6359863732,6.4671567276,202.6787840266,2.5000000000
2,6.6241540497,invalid,1,48,0,0,14.8585734210,6.4671567276,202.6787840266,2.5000000000
2,6.6741540497,invalid,1,48,0,0,15.0813631408,6.4671567276,202.6787840266,2.5000000000
2,6.7241540497,invalid,1,48,0,0,15.3043561469,6.4671567276,202.6787840266,2.5000000000
2,6.7741540497,invalid,1,48,0,0,15.5275530560,6.4671567276,202.6787840266,2.5000000000
2,6.8241540497,invalid,1,48,0,0,15.7509544876,6.4671567276,202.6787840266,2.5000000000
2,6.8741540497,invalid,1,48,0,0,15.9745610636,6.4671567276,202.6787840266,2.5000000000
2,6.9241540497,invalid,1,48,0,0,16.1983734084,6.4671567276,202.6787840266,2.5000000000
2,6.9741540497,invalid,1,48,0,0,16.9849847309,6.4671567276,202.6787840266,2.5000000000
2,7.0241540497,invalid,1,48,0,0,25.5018805876,6.4671567276,202.6787840266,2.5000000000
2,7.0741540497,invalid,1,48,0,0,38.2276285849,6.4671567276,202.6787840266,2.5000000000
2,7.1241540497,invalid,1,48,0,0,52.1680623320,6.4671567276,202.6787840266,2.5000000000
2,7.1741540497,invalid,1,48,0,0,66.5643398094,6.4671567276,202.6787840266,2.5000000000
2,7.2241540497,invalid,1,48,0,0,81.1742903114,6.4671567276,202.6787840266,2.5000000000
2,7.2741540497,invalid,1,48,0,0,95.9003073374,6.4671567276,202.6787840266,2.5000000000
2,7.3241540497,invalid,1,48,0,0,110.6960792159,6.4671567276,202.6787840266,2.5000000000
2,7.3741540497,invalid,1,48,0,0,125.5369444692,6.4671567276,202.6787840266,2.5000000000
2,7.4241540497,invalid,1,48,0,0,140.4086050287,6.4671567276,202.6787840266,2.5000000000
2,7.4741540497,invalid,1,48,0,0,155.3022143179,6.4671567276,202.6787840266,2.5000000000
2,7.5241540497,invalid,1,48,0,0,170.2120108703,6.4671567276,202.6787840266,2.5000000000
2,7.5741540497,invalid,1,48,0,0,185.1340837975,6.4671567276,202.6787840266,2.5000000000
2,7.6241540497,invalid,1,48,0,0,200.0656861860,6.4671567276,202.6787840266,2.5000000000
2,7.6741540497,invalid,1,48,0,0,215.0048326460,6.4671567276,202.6787840266,2.5000000000
2,7.7241540497,invalid,1,48,0,0,229.9500528370,6.4671567276,202.6787840266,2.5000000000
2,7.7741540497,invalid,1,48,0,0,244.9002347995,6.4671567276,202.6787840266,2.5000000000
2,7.8241540497,invalid,1,48,0,0,259.8545221398,6.4671567276,202.6787840266,2.5000000000
2,7.8741540497,invalid,1,48,0,0,274.8122446593,6.4671567276,202.6787840266,2.5000000000
2,7.9241540497,invalid,1,48,0,0,289.7728703993,6.4671567276,202.6787840266,2.5000000000
2,7.9741540497,invalid,1,48,0,0,304.7359717701,6.4671567276,202.6787840266,2.5000000000
2,8.0241540497,invalid,1,48,0,0,319.7012011683,6.4671567276,202.6787840266,2.5000000000
2,8.0741540497,invalid,1,48,0,0,334.6682731194,6.4671567276,202.6787840266,2.5000000000
2,8.1241540497,invalid,1,48,0,0,349.6369509985,6.4671567276,202.6787840266,2.5000000000
2,8.1741540497,invalid,1,48,0,0,364.6070370151,6.4671567276,202.6787840266,2.5000000000
2,8.2241540497,invalid,1,48,0,0,379.5783645636,6.4671567276,202.6787840266,2.5000000000
2,8.2741540497,invalid,1,48,0,0,394.5507923135,6.4671567276,202.6787840266,2.5000000000
2,8.3241540497,invalid,1,48,0,0,409.5241995928,6.4671567276,202.6787840266,2.5000000000
2,8.3741540497,invalid,1,48,0,0,424.4984827483,6.4671567276,202.6787840266,2.5000000000
2,8.4241540497,invalid,1,48,0,0,439.4735522482,6.4671567276,202.6787840266,2.5000000000
2,8.4741540497,invalid,1,48,0,0,454.4493303573,6.4671567276,202.6787840266,2.5000000000
2,8.5241540497,invalid,1,48,0,0,469.4257492567,6.4671567276,202.6787840266,2.5000000000
2,8.5741540497,invalid,1,48,0,0,484.4027495120,6.4671567276,202.6787840266,2.5000000000
2,8.6241540497,invalid,1,48,0,0,499.3802788166,6.4671567276,202.6787840266,2.5000000000
2,8.6741540497,invalid,1,48,0,0,514.3582909544,6.4671567276,202.6787840266,2.5000000000
2,8.7241540497,invalid,1,48,0,0,529.3367449391,6.4671567276,202.6787840266,2.5000000000
2,8.7741540497,invalid,1,48,0,0,544.3156042945,6.4671567276,202.6787840266,2.5000000000
2,8.8241540497,invalid,1,48,0,0,559.2948364509,6.4671567276,202.6787840266,2.5000000000
2,8.8741540497,invalid,1,48,0,0,574.2744122364,6.4671567276,202.6787840266,2.5000000000
2,8.9241540497,invalid,1,48,0,0,589.2543054444,6.4671567276,202.6787840266,2.5000000000
2,8.9741540497,invalid,1,48,0,0,604.2344924667,6.4671567276,202.6787840266,2.5000000000
2,9.0241540497,invalid,1,48,0,0,619.2149519794,6.4671567276,202.6787840266,2.5000000000
2,9.0741540497,invalid,1,48,0,0,634.1956646728,6.4671567276,202.6787840266,2.5000000000
2,9.1241540497,invalid,1,48,0,0,649.1766130193,6.4671567276,202.6787840266,2.5000000000
2,9.1741540497,invalid,1,48,0,0,664.1577810725,6.4671567276,202.6787840266,2.5000000000
2,9.2241540497,invalid,1,48,0,0,679.1391542928,6.4671567276,202.6787840266,2.5000000000
2,9.2741540497,invalid,1,48,0,0,694.1207193958,6.4671567276,202.6787840266,2.5000000000
2,9.3241540497,invalid,1,48,0,0,709.1024642194,6.4671567276,202.6787840266,2.5000000000
2,9.3741540497,invalid,1,48,0,0,724.0843776081,6.4671567276,202.6787840266,2.5000000000
2,9.4241540497,invalid,1,48,0,0,739.0664493107,6.4671567276,202.6787840266,2.5000000000
2,9.4741540497,invalid,1,48,0,0,754.0486698906,6.4671567276,202.6787840266,2.5000000000
2,9.5241540497,invalid,1,48,0,0,769.0310306466,6.4671567276,202.6787840266,2.5000000000
2,9.5741540497,invalid,1,48,0,0,784.0135235425,6.4671567276,202.6787840266,2.5000000000
2,9.6241540497,invalid,1,48,0,0,798.9961411448,6.4671567276,202.6787840266,2.5000000000
2,9.6741540497,invalid,1,48,0,0,813.9788765671,6.4671567276,202.6787840266,2.5000000000
2,9.7241540497,invalid,1,48,0,0,828.9617234211,6.4671567276,202.6787840266,2.5000000000
2,9.7741540497,invalid,1,48,0,0,843.9446757718,6.4671567276,202.6787840266,2.5000000000
2,9.8241540497,invalid,1,48,0,0,858.9277280984,6.4671567276,202.6787840266,2.5000000000
2,9.8741540497,invalid,1,48,0,0,873.9108752588,6.4671567276,202.6787840266,2.5000000000
2,9.9241540497,invalid,1,48,0,0,888.8941124575,6.4671567276,202.6787840266,2.5000000000
2,9.9741540497,invalid,1,48,0,0,903.8774352167,6.4671567276,202.6787840266,2.5000000000
2,10.0241540497,invalid,1,48,0,0,918.8608393510,6.4671567276,202.6787840266,2.5000000000
2,10.0741540497,invalid,1,48,0,0,933.8443209434,6.4671567276,202.6787840266,2.5000000000
2,10.1241540497,invalid,1,48,0,0,948.8278763244,6.4671567276,202.6787840266,2.5000000000
2,10.1741540497,invalid,1,48,0,0,963.8115020526,6.4671567276,202.6787840266,2.5000000000
2,10.2241540497,invalid,1,48,0,0,978.7951948972,6.4671567276,202.6787840266,2.5000000000
2,10.2741540497,invalid,1,48,0,0,993.7789518225,6.4671567276,202.6787840266,2.5000000000
2,10.3241540497,invalid,1,48,0,0,1008.7627699730,6.4671567276,202.6787840266,2.5000000000
2,10.3741540497,invalid,1,48,0,0,1023.7466466603,6.4671567276,202.6787840266,2.5000000000
2,10.4241540497,invalid,1,48,0,0,1038.7305793512,6.4671567276,202.6787840266,2.5000000000
2,10.4741540497,invalid,1,48,0,0,1053.7145656566,6.4671567276,202.6787840266,2.5000000000
2,10.5241540497,invalid,1,48,0,0,1068.6986033214,6.4671567276,202.6787840266,2.5000000000
2,10.5741540497,invalid,1,48,0,0,1083.6826902151,6.4671567276,202.6787840266,2.5000000000
2,10.6241540497,invalid,1,48,0,0,1098.6668243235,6.4671567276,202.6787840266,2.5000000000
2,10.6741540497,invalid,1,48,0,0,1113.6510037408,6.4671567276,202.6787840266,2.5000000000
2,10.7241540497,invalid,1,48,0,0,1128.6352266624,6.4671567276,202.6787840266,2.5000000000
2,10.7741540497,invalid,1,48,0,0,1143.6194913782,6.4671567276,202.6787840266,2.5000000000
2,10.8241540497,invalid,1,48,0,0,1158.6037962667,6.4671567276,202.6787840266,2.5000000000
2,10.8741540497,invalid,1,48,0,0,1173.5881397890,6.4671567276,202.6787840266,2.5000000000
2,10.9241540497,invalid,1,48,0,0,1188.5725204841,6.4671567276,202.6787840266,2.5000000000
2,10.9741540497,invalid,1,48,0,0,1203.5569369635,6.4671567276,202.6787840266,2.5000000000
2,11.0241540497,invalid,1,48,0,0,1218.5413879070,6.4671567276,202.6787840266,2.5000000000
2,11.0741540497,invalid,1,48,0,0,1233.5258720588,6.4671567276,202.6787840266,2.5000000000
2,11.1241540497,invalid,1,48,0,0,1248.5103882231,6.4671567276,202.6787840266,2.5000000000
2,11.1741540497,invalid,1,48,0,0,1263.4949352609,6.4671567276,202.6787840266,2.5000000000
2,11.2241540497,invalid,1,48,0,0,1278.4795120868,6.4671567276,202.6787840266,2.5000000000
2,11.2741540497,invalid,1,48,0,0,1293.4641176654,6.4671567276,202.6787840266,2.5000000000
2,11.3241540497,invalid,1,48,0,0,1308.4487510088,6.4671567276,202.6787840266,2.5000000000
2,11.3741540497,invalid,1,48,0,0,1323.4334111740,6.4671567276,202.6787840266,2.5000000000
2,11.3917749899,invalid,1,48,0,0,1328.7142934201,6.4671567276,202.6787840266,2.5000000000
2,5.3741540497,valid,1,6376,4794,0,,,,
2,5.4241540497,uncertain,1,4080,706,41,,,,
2,5.3991540497,uncertain,1,9780,7098,50,,,,
2,5.3866540497,valid,1,8144,6120,0,,,,
2,5.3929040497,valid,1,9244,6945,0,,,,
2,5.3960290497,valid,1,9896,7434,0,,,,
2,5.3975915497,uncertain,1,9516,6959,12,,,,
2,5.3968102997,uncertain,1,9412,6897,8,,,,
2,5.3964196747,uncertain,1,9328,6846,4,,,,
2,5.3962243622,valid,1,9932,7461,0,,,,
2,5.3963220185,uncertain,1,9320,6842,2,,,,
2,5.3962731903,valid,1,9952,7476,0,,,,
2,5.3962976044,uncertain,1,9320,6842,2,,,,
2,5.3962853974,uncertain,1,9320,6843,1,,,,
2,5.3962792938,uncertain,1,9320,6843,1,,,,
2,5.3962762421,uncertain,1,9320,6843,1,,,,
2,5.3962747162,valid,1,9952,7476,0,,,,
2,5.3962754791,uncertain,1,9320,6843,1,,,,
2,11.3917749899,invalid,"1,2",48,0,0,1328.7142934201,6.4671567276,202.6787840266,2.5000000000
2,11.4417749899,invalid,"1,2",48,0,0,1343.6989884340,6.4671567276,202.6787840266,2.5000000000
2,11.4917749899,invalid,"1,2",48,0,0,1358.6837082136,6.4671567276,202.6787840266,2.5000000000
2,11.5417749899,invalid,"1,2",48,0,0,1373.6684519483,6.4671567276,202.6787840266,2.5000000000
2,11.5917749899,invalid,"1,2",48,0,0,1388.6532188626,6.4671567276,202.6787840266,2.5000000000
2,11.6417749899,invalid,"1,2",48,0,0,1403.6380082141,6.4671567276,202.6787840266,2.5000000000
2,11.6917749899,invalid,"1,2",48,0,0,1418.6228192919,6.4671567276,202.6787840266,2.5000000000
2,11.7417749899,invalid,"1,2",48,0,0,1433.6076514147,6.4671567276,202.6787840266,2.5000000000
2,11.7917749899,invalid,"1,2",48,0,0,1448.5925039294,6.4671567276,202.6787840266,2.5000000000
2,11.8417749899,invalid,"1,2",48,0,0,1463.5773762095,6.4671567276,202.6787840266,2.5000000000
2,11.8917749899,invalid,"1,2",48,0,0,1478.5622676543,6.4671567276,202.6787840266,2.5000000000
2,11.9417749899,invalid,"1,2",48,0,0,1493.5471776868,6.4671567276,202.6787840266,2.5000000000
2,11.9917749899,invalid,"1,2",48,0,0,1508.5321057531,6.4671567276,202.6787840266,2.5000000000
2,12.0417749899,invalid,"1,2",48,0,0,1523.5170513210,6.4671567276,202.6787840266,2.5000000000
2,12.0917749899,invalid,"1,2",48,0,0,1538.5020138793,6.4671567276,202.6787840266,2.5000000000
2,12.1417749899,invalid,"1,2",48,0,0,1553.4869929362,6.4671567276,202.6787840266,2.5000000000
2,12.1917749899,invalid,"1,2",48,0,0,1568.4719880188,6.4671567276,202.6787840266,2.5000000000
2,12.2417749899,invalid,"1,2",48,0,0,1583.4569986722,6.4671567276,202.6787840266,2.5000000000
2,12.2917749899,invalid,"1,2",48,0,0,1598.4420244585,6.4671567276,202.6787840266,2.5000000000
2,12.3417749899,invalid,"1,2",48,0,0,1613.4270649559,6.4671567276,202.6787840266,2.5000000000
2,12.3917749899,invalid,"1,2",48,0,0,1628.4121197584,6.4671567276,202.6787840266,2.5000000000
2,12.4417749899,invalid,"1,2",48,0,0,1643.3971884747,6.4671567276,202.6787840266,2.5000000000
2,12.4917749899,invalid,"1,2",48,0,0,1658.3822707275,6.4671567276,202.6787840266,2.5000000000
2,12.5417749899,invalid,"1,2",48,0,0,1673.3673661533,6.4671567276,202.6787840266,2.5000000000
2,12.5917749899,invalid,"1,2",48,0,0,1688.3524744013,6.4671567276,202.6787840266,2.5000000000
2,12.6417749899,invalid,"1,2",48,0,0,1703.3375951330,6.4671567276,202.6787840266,2.5000000000
2,12.6917749899,invalid,"1,2",48,0,0,1718.3227280219,6.4671567276,202.6787840266,2.5000000000
2,12.7417749899,invalid,"1,2",48,0,0,1733.3078727526,6.4671567276,202.6787840266,2.5000000000
2,12.7917749899,invalid,"1,2",48,0,0,1748.2930290207,6.4671567276,202.6787840266,2.5000000000
2,12.8417749899,invalid,"1,2",48,0,0,1763.2781965319,6.4671567276,202.6787840266,2.5000000000
2,12.8917749899,invalid,"1,2",48,0,0,1778.2633750022,6.4671567276,202.6787840266,2.5000000000
2,12.9417749899,invalid,"1,2",48,0,0,1793.2485641566,6.4671567276,202.6787840266,2.5000000000
2,12.9917749899,invalid,"1,2",48,0,0,1808.2337637297,6.4671567276,202.6787840266,2.5000000000
2,13.0417749899,invalid,"1,2",48,0,0,1823.2189734645,6.4671567276,202.6787840266,2.5000000000
2,13.0917749899,invalid,"1,2",48,0,0,1838.2041931124,6.4671567276,202.6787840266,2.5000000000
2,13.1417749899,invalid,"1,2",48,0,0,1853.1894224331,6.4671567276,202.6787840266,2.5000000000
2,13.1917749899,invalid,"1,2",48,0,0,1868.1746611937,6.4671567276,202.6787840266,2.5000000000
2,13.2417749899,invalid,"1,2",48,0,0,1883.1599091689,6.4671567276,202.6787840266,2.5000000000
2,13.2917749899,invalid,"1,2",48,0,0,1898.1451661405,6.4671567276,202.6787840266,2.5000000000
2,13.3417749899,invalid,"1,2",48,0,0,1913.1304318970,6.4671567276,202.6787840266,2.5000000000
2,13.3917749899,invalid,"1,2",48,0,0,1928.1157062337,6.4671567276,202.6787840266,2.5000000000
2,13.4417749899,invalid,"1,2",48,0,0,1943.1009889519,6.4671567276,202.6787840266,2.5000000000
2,13.4917749899,invalid,"1,2",48,0,0,1958.0862798594,6.4671567276,202.6787840266,2.5000000000
2,13.5417749899,invalid,"1,2",48,0,0,1973.0715787694,6.4671567276,202.6787840266,2.5000000000
2,13.5868000513,invalid,"1,2",48,0,0,1986.5658655167,6.4671567276,202.6787840266,2.5000000000
2,13.5868000513,invalid,"1,2,3",48,0,0,1986.5658655167,6.4671567276,202.6787840266,2.5000000000
2,13.6368000513,invalid,"1,2,3",48,0,0,2001.5511791414,6.4671567276,202.6787840266,2.5000000000
2,13.6868000513,invalid,"1,2,3",48,0,0,2016.5365002585,6.4671567276,202.6787840266,2.5000000000
2,13.7368000513,invalid,"1,2,3",48,0,0,2031.5218287023,6.4671567276,202.6787840266,2.5000000000
2,13.7868000513,invalid,"1,2,3",48,0,0,2046.5071643119,6.4671567276,202.6787840266,2.5000000000
2,13.8368000513,invalid,"1,2,3",48,0,0,2061.4925069308,6.4671567276,202.6787840266,2.5000000000
2,13.8868000513,invalid,"1,2,3",48,0,0,2076.4778564075,6.4671567276,202.6787840266,2.5000000000
2,13.9368000513,invalid,"1,2,3",48,0,0,2091.4632125945,6.4671567276,202.6787840266,2.5000000000
2,13.9868000513,invalid,"1,2,3",48,0,0,2106.4485753485,6.4671567276,202.6787840266,2.5000000000
2,14.0368000513,invalid,"1,2,3",48,0,0,2121.4339445305,6.4671567276,202.6787840266,2.5000000000
2,14.0868000513,invalid,"1,2,3",48,0,0,2136.4193200051,6.4671567276,202.6787840266,2.5000000000
2,14.1368000513,invalid,"1,2,3",48,0,0,2151.4047016409,6.4671567276,202.6787840266,2.5000000000
2,14.1868000513,invalid,"1,2,3",48,0,0,2166.3900893100,6.4671567276,202.6787840266,2.5000000000
2,14.2368000513,invalid,"1,2,3",48,0,0,2181.3754828880,6.4671567276,202.6787840266,2.5000000000
2,14.2868000513,invalid,"1,2,3",48,0,0,2196.3608822541,6.4671567276,202.6787840266,2.5000000000
2,14.3368000513,invalid,"1,2,3",48,0,0,2211.3462872905,6.4671567276,202.6787840266,2.5000000000
2,14.3868000513,invalid,"1,2,3",48,0,0,2226.3316978827,6.4671567276,202.6787840266,2.5000000000
2,14.4368000513,invalid,"1,2,3",48,0,0,2241.3171139194,6.4671567276,202.6787840266,2.5000000000
2,14.4868000513,invalid,"1,2,3",48,0,0,2256.3025352920,6.4671567276,202.6787840266,2.5000000000
2,14.5368000513,invalid,"1,2,3",48,0,0,2271.2879618949,6.4671567276,202.6787840266,2.5000000000
2,14.5868000513,invalid,"1,2,3",48,0,0,2286.2733936253,6.4671567276,202.6787840266,2.5000000000
2,14.6368000513,invalid,"1,2,3",48,0,0,2301.2588303830,6.4671567276,202.6787840266,2.5000000000
2,14.6868000513,invalid,"1,2,3",48,0,0,2316.2442720704,6.4671567276,202.6787840266,2.5000000000
2,14.7368000513,invalid,"1,2,3",48,0,0,2331.2297185924,6.4671567276,202.6787840266,2.5000000000
2,14.7868000513,invalid,"1,2,3",48,0,0,2346.2151698565,6.4671567276,202.6787840266,2.5000000000
2,14.8368000513,invalid,"1,2,3",48,0,0,2361.2006257723,6.4671567276,202.6787840266,2.5000000000
2,14.8868000513,invalid,"1,2,3",48,0,0,2376.1860862519,6.4671567276,202.6787840266,2.5000000000
2,14.9368000513,invalid,"1,2,3",48,0,0,2391.1715512093,6.4671567276,202.6787840266,2.5000000000
2,14.9868000513,invalid,"1,2,3",48,0,0,2406.1570205610,6.4671567276,202.6787840266,2.5000000000
2,15.0368000513,invalid,"1,2,3",48,0,0,2421.1424942254,6.4671567276,202.6787840266,2.5000000000
2,15.0868000513,invalid,"1,2,3",48,0,0,2436.1279721229,6.4671567276,202.6787840266,2.5000000000
2,15.1368000513,invalid,"1,2,3",48,0,0,2451.1134541758,6.4671567276,202.6787840266,2.5000000000
2,15.1868000513,invalid,"1,2,3",48,0,0,2466.0989403084,6.4671567276,202.6787840266,2.5000000000
2,15.2368000513,invalid,"1,2,3",48,0,0,2481.0844304467,6.4671567276,202.6787840266,2.5000000000
2,15.2868000513,invalid,"1,2,3",48,0,0,2496.0699245187,6.4671567276,202.6787840266,2.5000000000
2,15.3368000513,invalid,"1,2,3",48,0,0,2511.0554224538,6.4671567276,202.6787840266,2.5000000000
2,15.3868000513,invalid,"1,2,3",48,0,0,2526.0409241834,6.4671567276,202.6787840266,2.5000000000
2,15.4368000513,invalid,"1,2,3",48,0,0,2541.0264296403,6.4671567276,202.6787840266,2.5000000000
2,15.4868000513,invalid,"1,2,3",48,0,0,2556.0119387589,6.4671567276,202.6787840266,2.5000000000
2,15.5368000513,invalid,"1,2,3",48,0,0,2570.9974514753,6.4671567276,202.6787840266,2.5000000000
2,15.5868000513,invalid,"1,2,3",48,0,0,2585.9829677268,6.4671567276,202.6787840266,2.5000000000
2,15.6368000513,invalid,"1,2,3",48,0,0,2600.9684874524,6.4671567276,202.6787840266,2.5000000000
2,15.6868000513,invalid,"1,2,3",48,0,0,2615.9540105923,6.4671567276,202.6787840266,2.5000000000
2,15.7368000513,invalid,"1,2,3",48,0,0,2630.9395370883,6.4671567276,202.6787840266,2.5000000000
2,15.7868000513,invalid,"1,2,3",48,0,0,2645.9250668833,6.4671567276,202.6787840266,2.5000000000
2,15.8368000513,invalid,"1,2,3",48,0,0,2660.9105999215,6.4671567276,202.6787840266,2.5000000000
2,15.8868000513,invalid,"1,2,3",48,0,0,2675.8961361485,6.4671567276,202.6787840266,2.5000000000
2,15.9368000513,invalid,"1,2,3",48,0,0,2690.8816755110,6.4671567276,202.6787840266,2.5000000000
2,15.9868000513,invalid,"1,2,3",48,0,0,2705.8672179569,6.4671567276,202.6787840266,2.5000000000
2,16.0368000513,invalid,"1,2,3",48,0,0,2720.8527634353,6.4671567276,202.6787840266,2.5000000000
2,16.0868000513,invalid,"1,2,3",48,0,0,2735.8383118963,6.4671567276,202.6787840266,2.5000000000
2,16.1368000513,invalid,"1,2,3",48,0,0,2750.8238632912,6.4671567276,202.6787840266,2.5000000000
2,16.1868000513,invalid,"1,2,3",48,0,0,2765.8094175722,6.4671567276,202.6787840266,2.5000000000
2,16.2368000513,invalid,"1,2,3",48,0,0,2780.7949746928,6.4671567276,202.6787840266,2.5000000000
2,16.2868000513,invalid,"1,2,3",48,0,0,2795.7805346073,6.4671567276,202.6787840266,2.5000000000
2,16.3368000513,invalid,"1,2,3",48,0,0,2810.7660972709,6.4671567276,202.6787840266,2.5000000000
2,16.3868000513,invalid,"1,2,3",48,0,0,2825.7516626400,6.4671567276,202.6787840266,2.5000000000
2,16.4368000513,invalid,"1,2,3",48,0,0,2840.7372306717,6.4671567276,202.6787840266,2.5000000000
2,16.4868000513,invalid,"1,2,3",48,0,0,2855.7228013242,6.4671567276,202.6787840266,2.5000000000
2,16.5368000513,invalid,"1,2,3",48,0,0,2870.7083745563,6.4671567276,202.6787840266,2.5000000000
2,16.5868000513,invalid,"1,2,3",48,0,0,2885.6939503279,6.4671567276,202.6787840266,2.5000000000
2,16.6368000513,invalid,"1,2,3",48,0,0,2900.6795285996,6.4671567276,202.6787840266,2.5000000000
2,16.6868000513,invalid,"1,2,3",48,0,0,2915.6651093329,6.4671567276,202.6787840266,2.5000000000
2,16.7368000513,invalid,"1,2,3",48,0,0,2930.6506924900,6.4671567276,202.6787840266,2.5000000000
2,16.7868000513,invalid,"1,2,3",48,0,0,2945.6362780339,6.4671567276,202.6787840266,2.5000000000
2,16.8368000513,invalid,"1,2,3",48,0,0,2960.6218659284,6.4671567276,202.6787840266,2.5000000000
2,16.8868000513,invalid,"1,2,3",48,0,0,2975.6074561380,6.4671567276,202.6787840266,2.5000000000
2,16.9368000513,invalid,"1,2,3",48,0,0,2990.5930486278,6.4671567276,202.6787840266,2.5000000000
2,16.9868000513,invalid,"1,2,3",48,0,0,3005.5786433638,6.4671567276,202.6787840266,2.5000000000
2,17.0368000513,invalid,"1,2,3",48,0,0,3020.5642403125,6.4671567276,202.6787840266,2.5000000000
2,17.0868000513,invalid,"1,2,3",48,0,0,3035.5498394411,6.4671567276,202.6787840266,2.5000000000
2,17.1368000513,invalid,"1,2,3",48,0,0,3050.5354407176,6.4671567276,202.6787840266,2.5000000000
2,17.1868000513,invalid,"1,2,3",48,0,0,3065.5210441104,6.4671567276,202.6787840266,2.5000000000
2,17.2368000513,invalid,"1,2,3",48,0,0,3080.5066495887,6.4671567276,202.6787840266,2.5000000000
2,17.2868000513,invalid,"1,2,3",48,0,0,3095.4922571221,6.4671567276,202.6787840266,2.5000000000
2,17.3368000513,invalid,"1,2,3",48,0,0,3110.4778666809,6.4671567276,202.6787840266,2.5000000000
2,17.3868000513,invalid,"1,2,3",48,0,0,3125.4634782361,6.4671567276,202.6787840266,2.5000000000
2,17.4368000513,invalid,"1,2,3",48,0,0,3140.4490917590,6.4671567276,202.6787840266,2.5000000000
2,17.4868000513,invalid,"1,2,3",48,0,0,3155.4347072217,6.4671567276,202.6787840266,2.5000000000
2,17.5368000513,invalid,"1,2,3",48,0,0,3170.4203245965,6.4671567276,202.6787840266,2.5000000000
2,17.5868000513,invalid,"1,2,3",48,0,0,3185.4059438565,6.4671567276,202.6787840266,2.5000000000
2,17.6368000513,invalid,"1,2,3",48,0,0,3200.3915649752,6.4671567276,202.6787840266,2.5000000000
2,17.6868000513,invalid,"1,2,3",48,0,0,3215.3771879267,6.4671567276,202.6787840266,2.5000000000
2,17.7368000513,invalid,"1,2,3",48,0,0,3230.3628126855,6.4671567276,202.6787840266,2.5000000000
2,17.7868000513,invalid,"1,2,3",48,0,0,3245.3484392264,6.4671567276,202.6787840266,2.5000000000
2,17.8368000513,invalid,"1,2,3",48,0,0,3260.3340675249,6.4671567276,202.6787840266,2.5000000000
2,17.8868000513,invalid,"1,2,3",48,0,0,3275.3196975570,6.4671567276,202.6787840266,2.5000000000
2,17.9368000513,invalid,"1,2,3",48,0,0,3290.3053292988,6.4671567276,202.6787840266,2.5000000000
2,17.9868000513,invalid,"1,2,3",48,0,0,3305.2909627272,6.4671567276,202.6787840266,2.5000000000
2,18.0368000513,invalid,"1,2,3",48,0,0,3320.2765978194,6.4671567276,202.6787840266,2.5000000000
2,18.0868000513,invalid,"1,2,3",48,0,0,3335.2622345528,6.4671567276,202.6787840266,2.5000000000
2,18.1368000513,invalid,"1,2,3",48,0,0,3350.2478729055,6.4671567276,202.6787840266,2.5000000000
2,18.1868000513,invalid,"1,2,3",48,0,0,3365.2335128559,6.4671567276,202.6787840266,2.5000000000
2,18.2368000513,invalid,"1,2,3",48,0,0,3380.2191543826,6.4671567276,202.6787840266,2.5000000000
2,18.2868000513,invalid,"1,2,3",48,0,0,3395.2047974648,6.4671567276,202.6787840266,2.5000000000
2,18.3368000513,invalid,"1,2,3",48,0,0,3410.1904420821,6.4671567276,202.6787840266,2.5000000000
2,18.3868000513,invalid,"1,2,3",48,0,0,3425.1760882142,6.4671567276,202.6787840266,2.5000000000
2,18.4368000513,invalid,"1,2,3",48,0,0,3440.1617358414,6.4671567276,202.6787840266,2.5000000000
2,18.4868000513,invalid,"1,2,3",48,0,0,3455.1473849442,6.4671567276,202.6787840266,2.5000000000
2,18.5368000513,invalid,"1,2,3",48,0,0,3470.1330355035,6.4671567276,202.6787840266,2.5000000000
2,18.5868000513,invalid,"1,2,3",48,0,0,3485.1186875005,6.4671567276,202.6787840266,2.5000000000
2,18.6368000513,invalid,"1,2,3",48,0,0,3500.1043409167,6.4671567276,202.6787840266,2.5000000000
2,18.6868000513,invalid,"1,2,3",48,0,0,3515.0899957340,6.4671567276,202.6787840266,2.5000000000
2,18.7368000513,invalid,"1,2,3",48,0,0,3530.0756519346,6.4671567276,202.6787840266,2.5000000000
2,18.7868000513,invalid,"1,2,3",48,0,0,3545.0613095009,6.4671567276,202.6787840266,2.5000000000
2,18.8368000513,invalid,"1,2,3",48,0,0,3560.0469684156,6.4671567276,202.6787840266,2.5000000000
2,18.8868000513,invalid,"1,2,3",48,0,0,3575.0326286619,6.4671567276,202.6787840266,2.5000000000
2,18.9368000513,invalid,"1,2,3",48,0,0,3590.0182902229,6.4671567276,202.6787840266,2.5000000000
2,18.9868000513,invalid,"1,2,3",48,0,0,3605.0039530824,6.4671567276,202.6787840266,2.5000000000
2,19.0368000513,invalid,"1,2,3",48,0,0,3619.9896172242,6.4671567276,202.6787840266,2.5000000000
2,19.0868000513,invalid,"1,2,3",48,0,0,3634.9752826324,6.4671567276,202.6787840266,2.5000000000
2,19.1368000513,invalid,"1,2,3",48,0,0,3649.9609492915,6.4671567276,202.6787840266,2.5000000000
2,19.1868000513,invalid,"1,2,3",48,0,0,3664.9466171861,6.4671567276,202.6787840266,2.5000000000
2,19.2368000513,invalid,"1,2,3",48,0,0,3679.9322863011,6.4671567276,202.6787840266,2.5000000000
2,19.2868000513,invalid,"1,2,3",48,0,0,3694.9179566217,6.4671567276,202.6787840266,2.5000000000
2,19.3368000513,invalid,"1,2,3",48,0,0,3709.9036281332,6.4671567276,202.6787840266,2.5000000000
2,19.3868000513,invalid,"1,2,3",48,0,0,3724.8893008212,6.4671567276,202.6787840266,2.5000000000
2,19.4368000513,invalid,"1,2,3",48,0,0,3739.8749746717,6.4671567276,202.6787840266,2.5000000000
2,19.4868000513,invalid,"1,2,3",48,0,0,3754.8606496708,6.4671567276,202.6787840266,2.5000000000
2,19.5368000513,invalid,"1,2,3",48,0,0,3769.8463258046,6.4671567276,202.6787840266,2.5000000000
2,19.5868000513,invalid,"1,2,3",48,0,0,3784.8320030598,6.4671567276,202.6787840266,2.5000000000
2,19.6368000513,invalid,"1,2,3",48,0,0,3799.8176814230,6.4671567276,202.6787840266,2.5000000000
2,19.6868000513,invalid,"1,2,3",48,0,0,3814.8033608813,6.4671567276,202.6787840266,2.5000000000
2,19.7368000513,invalid,"1,2,3",48,0,0,3829.7890414217,6.4671567276,202.6787840266,2.5000000000
2,19.7868000513,invalid,"1,2,3",48,0,0,3844.7747230316,6.4671567276,202.6787840266,2.5000000000
2,19.8368000513,invalid,"1,2,3",48,0,0,3859.7604056986,6.4671567276,202.6787840266,2.5000000000
2,19.8868000513,invalid,"1,2,3",48,0,0,3874.7460894104,6.4671567276,202.6787840266,2.5000000000
2,19.9368000513,invalid,"1,2,3",48,0,0,3889.7317741548,6.4671567276,202.6787840266,2.5000000000
2,19.9868000513,invalid,"1,2,3",48,0,0,3904.7174599201,6.4671567276,202.6787840266,2.5000000000
2,20.0368000513,invalid,"1,2,3",48,0,0,3919.7031466945,6.4671567276,202.6787840266,2.5000000000
2,20.0868000513,invalid,"1,2,3",48,0,0,3934.6888344665,6.4671567276,202.6787840266,2.5000000000
2,20.1368000513,invalid,"1,2,3",48,0,0,3949.6745232246,6.4671567276,202.6787840266,2.5000000000
2,20.1868000513,invalid,"1,2,3",48,0,0,3964.6602129579,6.4671567276,202.6787840266,2.5000000000
2,20.2368000513,invalid,"1,2,3",48,0,0,3979.6459036551,6.4671567276,202.6787840266,2.5000000000
2,20.2868000513,invalid,"1,2,3",48,0,0,3994.6315953056,6.4671567276,202.6787840266,2.5000000000
2,20.3368000513,invalid,"1,2,3",48,0,0,4009.6172878985,6.4671567276,202.6787840266,2.5000000000
2,20.3868000513,invalid,"1,2,3",48,0,0,4024.6029814234,6.4671567276,202.6787840266,2.5000000000
2,20.4368000513,invalid,"1,2,3",48,0,0,4039.5886758699,6.4671567276,202.6787840266,2.5000000000
2,20.4868000513,invalid,"1,2,3",48,0,0,4054.5743712277,6.4671567276,202.6787840266,2.5000000000
2,20.5368000513,invalid,"1,2,3",48,0,0,4069.5600674869,6.4671567276,202.6787840266,2.5000000000
2,20.5868000513,invalid,"1,2,3",48,0,0,4084.5457646374,6.4671567276,202.6787840266,2.5000000000
2,20.6368000513,invalid,"1,2,3",48,0,0,4099.5314626695,6.4671567276,202.6787840266,2.5000000000
2,20.6868000513,invalid,"1,2,3",48,0,0,4114.5171615737,6.4671567276,202.6787840266,2.5000000000
2,20.7368000513,invalid,"1,2,3",48,0,0,4129.5028613403,6.4671567276,202.6787840266,2.5000000000
2,20.7868000513,invalid,"1,2,3",48,0,0,4144.4885619600,6.4671567276,202.6787840266,2.5000000000
2,20.8368000513,invalid,"1,2,3",48,0,0,4159.4742634236,6.4671567276,202.6787840266,2.5000000000
2,20.8868000513,invalid,"1,2,3",48,0,0,4174.4599657221,6.4671567276,202.6787840266,2.5000000000
2,20.9241540497,invalid,"1,2,3",48,0,0,4185.6554842661,6.4671567276,202.6787840266,2.5000000000
2,20.9241540497,invalid,"2,3",48,0,0,5580.7279075347,6.4671567276,202.6787840266,2.5000000000
2,20.9741540497,invalid,"2,3",48,0,0,5595.6985061069,6.4671567276,202.6787840266,2.5000000000
2,21.0241540497,invalid,"2,3",48,0,0,5610.6691859372,6.4671567276,202.6787840266,2.5000000000
2,21.0741540497,invalid,"2,3",48,0,0,5625.6399463766,6.4671567276,202.6787840266,2.5000000000
2,21.1241540497,invalid,"2,3",48,0,0,5640.6107867836,6.4671567276,202.6787840266,2.5000000000
2,21.1741540497,invalid,"2,3",48,0,0,5655.5817065229,6.4671567276,202.6787840266,2.5000000000
2,21.2241540497,invalid,"2,3",48,0,0,5670.5527049662,6.4671567276,202.6787840266,2.5000000000
2,21.2741540497,invalid,"2,3",48,0,0,5685.5237814919,6.4671567276,202.6787840266,2.5000000000
2,21.3241540497,invalid,"2,3",48,0,0,5700.4949354846,6.4671567276,202.6787840266,2.5000000000
2,21.3741540497,invalid,"2,3",48,0,0,5715.4661663358,6.4671567276,202.6787840266,2.5000000000
2,21.4241540497,invalid,"2,3",48,0,0,5730.4374734429,6.4671567276,202.6787840266,2.5000000000
2,21.4741540497,invalid,"2,3",48,0,0,5745.4088562099,6.4671567276,202.6787840266,2.5000000000
2,21.5241540497,invalid,"2,3",48,0,0,5760.3803140467,6.4671567276,202.6787840266,2.5000000000
2,21.5741540497,invalid,"2,3",48,0,0,5775.3518463697,6.4671567276,202.6787840266,2.5000000000
2,21.6241540497,invalid,"2,3",48,0,0,5790.3234526011,6.4671567276,202.6787840266,2.5000000000
2,21.6741540497,invalid,"2,3",48,0,0,5805.2951321689,6.4671567276,202.6787840266,2.5000000000
2,21.7241540497,invalid,"2,3",48,0,0,5820.2668845074,6.4671567276,202.6787840266,2.5000000000
2,21.7741540497,invalid,"2,3",48,0,0,5835.2387090562,6.4671567276,202.6787840266,2.5000000000
2,21.8241540497,invalid,"2,3",48,0,0,5850.2106052612,6.4671567276,202.6787840266,2.5000000000
2,21.8741540497,invalid,"2,3",48,0,0,5865.1825725734,6.4671567276,202.6787840266,2.5000000000
2,21.9241540497,invalid,"2,3",48,0,0,5880.1546104497,6.4671567276,202.6787840266,2.5000000000
2,21.9741540497,invalid,"2,3",48,0,0,5895.1267183526,6.4671567276,202.6787840266,2.5000000000
2,22.0241540497,invalid,"2,3",48,0,0,5910.0988957498,6.4671567276,202.6787840266,2.5000000000
2,22.0741540497,invalid,"2,3",48,0,0,5925.0711421144,6.4671567276,202.6787840266,2.5000000000
2,22.1241540497,invalid,"2,3",48,0,0,5940.0434569250,6.4671567276,202.6787840266,2.5000000000
2,22.1741540497,invalid,"2,3",48,0,0,5955.0158396654,6.4671567276,202.6787840266,2.5000000000
2,22.2241540497,invalid,"2,3",48,0,0,5969.9882898243,6.4671567276,202.6787840266,2.5000000000
2,22.2741540497,invalid,"2,3",48,0,0,5984.9608068959,6.4671567276,202.6787840266,2.5000000000
2,22.3241540497,invalid,"2,3",48,0,0,5999.9333903792,6.4671567276,202.6787840266,2.5000000000
2,22.3741540497,invalid,"2,3",48,0,0,6014.9060397783,6.4671567276,202.6787840266,2.5000000000
2,22.4241540497,invalid,"2,3",48,0,0,6029.8787546020,6.4671567276,202.6787840266,2.5000000000
2,22.4741540497,invalid,"2,3",48,0,0,6044.8515343644,6.4671567276,202.6787840266,2.5000000000
2,22.5241540497,invalid,"2,3",48,0,0,6059.8243785840,6.4671567276,202.6787840266,2.5000000000
2,22.5741540497,invalid,"2,3",48,0,0,6074.7972867842,6.4671567276,202.6787840266,2.5000000000
2,22.6241540497,invalid,"2,3",48,0,0,6089.7702584931,6.4671567276,202.6787840266,2.5000000000
2,22.6741540497,invalid,"2,3",48,0,0,6104.7432932434,6.4671567276,202.6787840266,2.5000000000
2,22.7241540497,invalid,"2,3",48,0,0,6119.7163905723,6.4671567276,202.6787840266,2.5000000000
2,22.7741540497,invalid,"2,3",48,0,0,6134.6895500217,6.4671567276,202.6787840266,2.5000000000
2,22.8241540497,invalid,"2,3",48,0,0,6149.6627711377,6.4671567276,202.6787840266,2.5000000000
2,22.8741540497,invalid,"2,3",48,0,0,6164.6360534711,6.4671567276,202.6787840266,2.5000000000
2,22.9241540497,invalid,"2,3",48,0,0,6179.6093965769,6.4671567276,202.6787840266,2.5000000000
2,22.9741540497,invalid,"2,3",48,0,0,6194.5828000143,6.4671567276,202.6787840266,2.5000000000
2,23.0241540497,invalid,"2,3",48,0,0,6209.5562633470,6.4671567276,202.6787840266,2.5000000000
2,23.0741540497,invalid,"2,3",48,0,0,6224.5297861426,6.4671567276,202.6787840266,2.5000000000
2,23.1241540497,invalid,"2,3",48,0,0,6239.5033679732,6.4671567276,202.6787840266,2.5000000000
2,23.1741540497,invalid,"2,3",48,0,0,6254.4770084146,6.4671567276,202.6787840266,2.5000000000
2,23.2241540497,invalid,"2,3",48,0,0,6269.4507070469,6.4671567276,202.6787840266,2.5000000000
2,23.2741540497,invalid,"2,3",48,0,0,6284.4244634543,6.4671567276,202.6787840266,2.5000000000
2,23.3241540497,invalid,"2,3",48,0,0,6299.3982772246,6.4671567276,202.6787840266,2.5000000000
2,23.3741540497,invalid,"2,3",48,0,0,6314.3721479498,6.4671567276,202.6787840266,2.5000000000
2,23.4241540497,invalid,"2,3",48,0,0,6329.3460752257,6.4671567276,202.6787840266,2.5000000000
2,23.4741540497,invalid,"2,3",48,0,0,6344.3200586519,6.4671567276,202.6787840266,2.5000000000
2,23.5241540497,invalid,"2,3",48,0,0,6359.2940978316,6.4671567276,202.6787840266,2.5000000000
2,23.5741540497,invalid,"2,3",48,0,0,6374.2681923721,6.4671567276,202.6787840266,2.5000000000
2,23.6241540497,invalid,"2,3",48,0,0,6389.2423418840,6.4671567276,202.6787840266,2.5000000000
2,23.6741540497,invalid,"2,3",48,0,0,6404.2165459818,6.4671567276,202.6787840266,2.5000000000
2,23.7241540497,invalid,"2,3",48,0,0,6419.1908042834,6.4671567276,202.6787840266,2.5000000000
2,23.7741540497,invalid,"2,3",48,0,0,6434.1651164104,6.4671567276,202.6787840266,2.5000000000
2,23.8241540497,invalid,"2,3",48,0,0,6449.1394819880,6.4671567276,202.6787840266,2.5000000000
2,23.8741540497,invalid,"2,3",48,0,0,6464.1139006445,6.4671567276,202.6787840266,2.5000000000
2,23.9241540497,invalid,"2,3",48,0,0,6479.0883720120,6.4671567276,202.6787840266,2.5000000000
2,23.9741540497,invalid,"2,3",48,0,0,6494.0628957259,6.4671567276,202.6787840266,2.5000000000
2,24.0241540497,invalid,"2,3",48,0,0,6509.0374714249,6.4671567276,202.6787840266,2.5000000000
2,24.0741540497,invalid,"2,3",48,0,0,6524.0120987509,6.4671567276,202.6787840266,2.5000000000
2,24.1241540497,invalid,"2,3",48,0,0,6538.9867773494,6.4671567276,202.6787840266,2.5000000000
2,24.1741540497,invalid,"2,3",48,0,0,6553.9615068689,6.4671567276,202.6787840266,2.5000000000
2,24.2241540497,invalid,"2,3",48,0,0,6568.9362869611,6.4671567276,202.6787840266,2.5000000000
2,24.2741540497,invalid,"2,3",48,0,0,6583.9111172810,6.4671567276,202.6787840266,2.5000000000
2,24.3241540497,invalid,"2,3",48,0,0,6598.8859974866,6.4671567276,202.6787840266,2.5000000000
2,24.3741540497,invalid,"2,3",48,0,0,6613.8609272390,6.4671567276,202.6787840266,2.5000000000
2,24.4241540497,invalid,"2,3",48,0,0,6628.8359062026,6.4671567276,202.6787840266,2.5000000000
2,24.4741540497,invalid,"2,3",48,0,0,6643.8109340444,6.4671567276,202.6787840266,2.5000000000
2,24.5241540497,invalid,"2,3",48,0,0,6658.7860104348,6.4671567276,202.6787840266,2.5000000000
2,24.5741540497,invalid,"2,3",48,0,0,6673.7611350470,6.4671567276,202.6787840266,2.5000000000
2,24.6241540497,invalid,"2,3",48,0,0,6688.7363075570,6.4671567276,202.6787840266,2.5000000000
2,24.6741540497,invalid,"2,3",48,0,0,6703.7115276438,6.4671567276,202.6787840266,2.5000000000
2,24.7241540497,invalid,"2,3",48,0,0,6718.6867949894,6.4671567276,202.6787840266,2.5000000000
2,24.7741540497,invalid,"2,3",48,0,0,6733.6621092785,6.4671567276,202.6787840266,2.5000000000
2,24.8241540497,invalid,"2,3",48,0,0,6748.6374701984,6.4671567276,202.6787840266,2.5000000000
2,24.8741540497,invalid,"2,3",48,0,0,6763.6128774395,6.4671567276,202.6787840266,2.5000000000
2,24.9241540497,invalid,"2,3",48,0,0,6778.5883306949,6.4671567276,202.6787840266,2.5000000000
2,24.9741540497,invalid,"2,3",48,0,0,6793.5638296601,6.4671567276,202.6787840266,2.5000000000
2,25.0241540497,invalid,"2,3",48,0,0,6808.5393740336,6.4671567276,202.6787840266,2.5000000000
2,25.0741540497,invalid,"2,3",48,0,0,6823.5149635164,6.4671567276,202.6787840266,2.5000000000
2,25.1241540497,invalid,"2,3",48,0,0,6838.4905978121,6.4671567276,202.6787840266,2.5000000000
2,25.1741540497,invalid,"2,3",48,0,0,6853.4662766270,6.4671567276,202.6787840266,2.5000000000
2,25.2241540497,invalid,"2,3",48,0,0,6868.4419996699,6.4671567276,202.6787840266,2.5000000000
2,25.2741540497,invalid,"2,3",48,0,0,6883.4177666521,6.4671567276,202.6787840266,2.5000000000
2,25.3241540497,invalid,"2,3",48,0,0,6898.3935772874,6.4671567276,202.6787840266,2.5000000000
2,25.3741540497,invalid,"2,3",48,0,0,6913.3694312922,6.4671567276,202.6787840266,2.5000000000
2,25.4241540497,invalid,"2,3",48,0,0,6928.3453283852,6.4671567276,202.6787840266,2.5000000000
2,25.4741540497,invalid,"2,3",48,0,0,6943.3212682877,6.4671567276,202.6787840266,2.5000000000
2,25.5241540497,invalid,"2,3",48,0,0,6958.2972507231,6.4671567276,202.6787840266,2.5000000000
2,25.5741540497,invalid,"2,3",48,0,0,6973.2732754175,6.4671567276,202.6787840266,2.5000000000
2,25.6241540497,invalid,"2,3",48,0,0,6988.2493420992,6.4671567276,202.6787840266,2.5000000000
2,25.6741540497,invalid,"2,3",48,0,0,7003.2254504989,6.4671567276,202.6787840266,2.5000000000
2,25.7241540497,invalid,"2,3",48,0,0,7018.2016003493,6.4671567276,202.6787840266,2.5000000000
2,25.7741540497,invalid,"2,3",48,0,0,7033.1777913859,6.4671567276,202.6787840266,2.5000000000
2,25.8241540497,invalid,"2,3",48,0,0,7048.1540233459,6.4671567276,202.6787840266,2.5000000000
2,25.8741540497,invalid,"2,3",48,0,0,7063.1302959692,6.4671567276,202.6787840266,2.5000000000
2,25.9241540497,invalid,"2,3",48,0,0,7078.1066089976,6.4671567276,202.6787840266,2.5000000000
2,25.9741540497,invalid,"2,3",48,0,0,7093.0829621751,6.4671567276,202.6787840266,2.5000000000
2,26.0241540497,invalid,"2,3",48,0,0,7108.0593552481,6.4671567276,202.6787840266,2.5000000000
2,26.0741540497,invalid,"2,3",48,0,0,7123.0357879647,6.4671567276,202.6787840266,2.5000000000
2,26.1241540497,invalid,"2,3",48,0,0,7138.0122600756,6.4671567276,202.6787840266,2.5000000000
2,26.1741540497,invalid,"2,3",48,0,0,7152.9887713332,6.4671567276,202.6787840266,2.5000000000
2,26.2241540497,invalid,"2,3",48,0,0,7167.9653214923,6.4671567276,202.6787840266,2.5000000000
2,26.2741540497,invalid,"2,3",48,0,0,7182.9419103093,6.4671567276,202.6787840266,2.5000000000
2,26.3241540497,invalid,"2,3",48,0,0,7197.9185375432,6.4671567276,202.6787840266,2.5000000000
2,26.3741540497,invalid,"2,3",48,0,0,7212.8952029545,6.4671567276,202.6787840266,2.5000000000
2,26.4241540497,invalid,"2,3",48,0,0,7227.8719063059,6.4671567276,202.6787840266,2.5000000000
2,26.4741540497,invalid,"2,3",48,0,0,7242.8486473621,6.4671567276,202.6787840266,2.5000000000
2,26.5241540497,invalid,"2,3",48,0,0,7257.8254258897,6.4671567276,202.6787840266,2.5000000000
2,26.5741540497,invalid,"2,3",48,0,0,7272.8022416571,6.4671567276,202.6787840266,2.5000000000
2,26.6241540497,invalid,"2,3",48,0,0,7287.7790944348,6.4671567276,202.6787840266,2.5000000000
2,26.6741540497,invalid,"2,3",48,0,0,7302.7559839951,6.4671567276,202.6787840266,2.5000000000
2,26.7241540497,invalid,"2,3",48,0,0,7317.7329101121,6.4671567276,202.6787840266,2.5000000000
2,26.7741540497,invalid,"2,3",48,0,0,7332.7098725619,6.4671567276,202.6787840266,2.5000000000
2,26.8241540497,invalid,"2,3",48,0,0,7347.6868711222,6.4671567276,202.6787840266,2.5000000000
2,26.8741540497,invalid,"2,3",48,0,0,7362.6639055726,6.4671567276,202.6787840266,2.5000000000
2,26.9241540497,invalid,"2,3",48,0,0,7377.6409756947,6.4671567276,202.6787840266,2.5000000000
2,26.9741540497,invalid,"2,3",48,0,0,7392.6180812716,6.4671567276,202.6787840266,2.5000000000
2,27.0241540497,invalid,"2,3",48,0,0,7407.5952220883,6.4671567276,202.6787840266,2.5000000000
2,27.0741540497,invalid,"2,3",48,0,0,7422.5723979313,6.4671567276,202.6787840266,2.5000000000
2,27.1241540497,invalid,"2,3",48,0,0,7437.5496085892,6.4671567276,202.6787840266,2.5000000000
2,27.1741540497,invalid,"2,3",48,0,0,7452.5268538521,6.4671567276,202.6787840266,2.5000000000
2,27.2241540497,invalid,"2,3",48,0,0,7467.5041335116,6.4671567276,202.6787840266,2.5000000000
2,27.2741540497,invalid,"2,3",48,0,0,7482.4814473613,6.4671567276,202.6787840266,2.5000000000
2,27.3241540497,invalid,"2,3",48,0,0,7497.4587951963,6.4671567276,202.6787840266,2.5000000000
2,27.3741540497,invalid,"2,3",48,0,0,7512.4361768133,6.4671567276,202.6787840266,2.5000000000
2,27.4241540497,invalid,"2,3",48,0,0,7527.4135920106,6.4671567276,202.6787840266,2.5000000000
2,27.4741540497,invalid,"2,3",48,0,0,7542.3910405882,6.4671567276,202.6787840266,2.5000000000
2,27.5241540497,invalid,"2,3",48,0,0,7557.3685223477,6.4671567276,202.6787840266,2.5000000000
2,27.5741540497,invalid,"2,3",48,0,0,7572.3460370921,6.4671567276,202.6787840266,2.5000000000
2,27.6241540497,invalid,"2,3",48,0,0,7587.3235846261,6.4671567276,202.6787840266,2.5000000000
2,27.6741540497,invalid,"2,3",48,0,0,7602.3011647559,6.4671567276,202.6787840266,2.5000000000
2,27.7241540497,invalid,"2,3",48,0,0,7617.2787772893,6.4671567276,202.6787840266,2.5000000000
2,27.7741540497,invalid,"2,3",48,0,0,7632.2564220354,6.4671567276,202.6787840266,2.5000000000
2,27.8241540497,invalid,"2,3",48,0,0,7647.2340988050,6.4671567276,202.6787840266,2.5000000000
2,27.8741540497,invalid,"2,3",48,0,0,7662.2118074103,6.4671567276,202.6787840266,2.5000000000
2,27.9241540497,invalid,"2,3",48,0,0,7677.1895476649,6.4671567276,202.6787840266,2.5000000000
2,27.9741540497,invalid,"2,3",48,0,0,7692.1673193841,6.4671567276,202.6787840266,2.5000000000
2,28.0241540497,invalid,"2,3",48,0,0,7707.1451223843,6.4671567276,202.6787840266,2.5000000000
2,28.0741540497,invalid,"2,3",48,0,0,7722.1229564835,6.4671567276,202.6787840266,2.5000000000
2,28.1241540497,invalid,"2,3",48,0,0,7737.1008215012,6.4671567276,202.6787840266,2.5000000000
2,28.1741540497,invalid,"2,3",48,0,0,7752.0787172580,6.4671567276,202.6787840266,2.5000000000
2,28.2241540497,invalid,"2,3",48,0,0,7767.0566435763,6.4671567276,202.6787840266,2.5000000000
2,28.2741540497,invalid,"2,3",48,0,0,7782.0346002795,6.4671567276,202.6787840266,2.5000000000
2,28.3241540497,invalid,"2,3",48,0,0,7797.0125871924,6.4671567276,202.6787840266,2.5000000000
2,28.3741540497,invalid,"2,3",48,0,0,7811.9906041415,6.4671567276,202.6787840266,2.5000000000
2,28.4241540497,invalid,"2,3",48,0,0,7826.9686509541,6.4671567276,202.6787840266,2.5000000000
2,28.4741540497,invalid,"2,3",48,0,0,7841.9467274592,6.4671567276,202.6787840266,2.5000000000
2,28.5241540497,invalid,"2,3",48,0,0,7856.9248334870,6.4671567276,202.6787840266,2.5000000000
2,28.5741540497,invalid,"2,3",48,0,0,7871.9029688690,6.4671567276,202.6787840266,2.5000000000
2,28.6241540497,invalid,"2,3",48,0,0,7886.8811334378,6.4671567276,202.6787840266,2.5000000000
2,28.6741540497,invalid,"2,3",48,0,0,7901.8593270277,6.4671567276,202.6787840266,2.5000000000
2,28.7241540497,invalid,"2,3",48,0,0,7916.8375494737,6.4671567276,202.6787840266,2.5000000000
2,28.7741540497,invalid,"2,3",48,0,0,7931.8158006125,6.4671567276,202.6787840266,2.5000000000
2,28.8241540497,invalid,"2,3",48,0,0,7946.7940802818,6.4671567276,202.6787840266,2.5000000000
2,28.8741540497,invalid,"2,3",48,0,0,7961.7723883206,6.4671567276,202.6787840266,2.5000000000
2,28.9241540497,invalid,"2,3",48,0,0,7976.7507245691,6.4671567276,202.6787840266,2.5000000000
2,28.9741540497,invalid,"2,3",48,0,0,7991.7290888686,6.4671567276,202.6787840266,2.5000000000
2,29.0241540497,invalid,"2,3",48,0,0,8006.7074810618,6.4671567276,202.6787840266,2.5000000000
2,29.0741540497,invalid,"2,3",48,0,0,8021.6859009923,6.4671567276,202.6787840266,2.5000000000
2,29.1241540497,invalid,"2,3",48,0,0,8036.6643485052,6.4671567276,202.6787840266,2.5000000000
2,29.1741540497,invalid,"2,3",48,0,0,8051.6428234464,6.4671567276,202.6787840266,2.5000000000
2,29.2241540497,invalid,"2,3",48,0,0,8066.6213256632,6.4671567276,202.6787840266,2.5000000000
2,29.2741540497,invalid,"2,3",48,0,0,8081.5998550038,6.4671567276,202.6787840266,2.5000000000
2,29.3241540497,invalid,"2,3",48,0,0,8096.5784113179,6.4671567276,202.6787840266,2.5000000000
2,29.3741540497,invalid,"2,3",48,0,0,8111.5569944559,6.4671567276,202.6787840266,2.5000000000
2,29.4241540497,invalid,"2,3",48,0,0,8126.5356042696,6.4671567276,202.6787840266,2.5000000000
2,29.4741540497,invalid,"2,3",48,0,0,8141.5142406116,6.4671567276,202.6787840266,2.5000000000
2,29.5241540497,invalid,"2,3",48,0,0,8156.4929033359,6.4671567276,202.6787840266,2.5000000000
2,29.5741540497,invalid,"2,3",48,0,0,8171.4715922974,6.4671567276,202.6787840266,2.5000000000
2,29.6241540497,invalid,"2,3",48,0,0,8186.4503073520,6.4671567276,202.6787840266,2.5000000000
2,29.6741540497,invalid,"2,3",48,0,0,8201.4290483568,6.4671567276,202.6787840266,2.5000000000
2,29.7241540497,invalid,"2,3",48,0,0,8216.4078151698,6.4671567276,202.6787840266,2.5000000000
2,29.7741540497,invalid,"2,3",48,0,0,8231.3866076502,6.4671567276,202.6787840266,2.5000000000
2,29.8241540497,invalid,"2,3",48,0,0,8246.3654256581,6.4671567276,202.6787840266,2.5000000000
2,29.8741540497,invalid,"2,3",48,0,0,8261.3442690547,6.4671567276,202.6787840266,2.5000000000
2,29.9241540497,invalid,"2,3",48,0,0,8276.3231377020,6.4671567276,202.6787840266,2.5000000000
2,29.9741540497,invalid,"2,3",48,0,0,8291.3020314633,6.4671567276,202.6787840266,2.5000000000
2,30.0241540497,invalid,"2,3",48,0,0,8306.2809502027,6.4671567276,202.6787840266,2.5000000000
2,30.0741540497,invalid,"2,3",48,0,0,8321.2598937853,6.4671567276,202.6787840266,2.5000000000
2,30.1241540497,invalid,"2,3",48,0,0,8336.2388620771,6.4671567276,202.6787840266,2.5000000000
2,30.1741540497,invalid,"2,3",48,0,0,8351.2178549453,6.4671567276,202.6787840266,2.5000000000
2,30.2241540497,invalid,"2,3",48,0,0,8366.1968722578,6.4671567276,202.6787840266,2.5000000000
2,30.2741540497,invalid,"2,3",48,0,0,8381.1759138835,6.4671567276,202.6787840266,2.5000000000
2,30.3241540497,invalid,"2,3",48,0,0,8396.1549796924,6.4671567276,202.6787840266,2.5000000000
2,30.3741540497,invalid,"2,3",48,0,0,8411.1340695551,6.4671567276,202.6787840266,2.5000000000
2,30.4241540497,invalid,"2,3",48,0,0,8426.1131833435,6.4671567276,202.6787840266,2.5000000000
2,30.4741540497,invalid,"2,3",48,0,0,8441.0923209302,6.4671567276,202.6787840266,2.5000000000
2,30.5241540497,invalid,"2,3",48,0,0,8456.0714821887,6.4671567276,202.6787840266,2.5000000000
2,30.5741540497,invalid,"2,3",48,0,0,8471.0506669934,6.4671567276,202.6787840266,2.5000000000
2,30.6241540497,invalid,"2,3",48,0,0,8486.0298752196,6.4671567276,202.6787840266,2.5000000000
2,30.6741540497,invalid,"2,3",48,0,0,8501.0091067436,6.4671567276,202.6787840266,2.5000000000
2,30.7241540497,invalid,"2,3",48,0,0,8515.9883614423,6.4671567276,202.6787840266,2.5000000000
2,30.7741540497,invalid,"2,3",48,0,0,8530.9676391938,6.4671567276,202.6787840266,2.5000000000
2,30.8241540497,invalid,"2,3",48,0,0,8545.9469398768,6.4671567276,202.6787840266,2.5000000000
2,30.8741540497,invalid,"2,3",48,0,0,8560.9262633708,6.4671567276,202.6787840266,2.5000000000
2,30.9241540497,invalid,"2,3",48,0,0,8575.9056095565,6.4671567276,202.6787840266,2.5000000000
2,30.9741540497,invalid,"2,3",48,0,0,8590.8849783150,6.4671567276,202.6787840266,2.5000000000
2,31.0241540497,invalid,"2,3",48,0,0,8605.8643695286,6.4671567276,202.6787840266,2.5000000000
2,31.0741540497,invalid,"2,3",48,0,0,8620.8437830802,6.4671567276,202.6787840266,2.5000000000
2,31.1241540497,invalid,"2,3",48,0,0,8635.8232188534,6.4671567276,202.6787840266,2.5000000000
2,31.1741540497,invalid,"2,3",48,0,0,8650.8026767330,6.4671567276,202.6787840266,2.5000000000
2,31.2241540497,invalid,"2,3",48,0,0,8665.7821566042,6.4671567276,202.6787840266,2.5000000000
2,31.2741540497,invalid,"2,3",48,0,0,8680.7616583532,6.4671567276,202.6787840266,2.5000000000
2,31.3241540497,invalid,"2,3",48,0,0,8695.7411818670,6.4671567276,202.6787840266,2.5000000000
2,31.3741540497,invalid,"2,3",48,0,0,8710.7207270333,6.4671567276,202.6787840266,2.5000000000
2,31.3917749899,invalid,"2,3",48,0,0,8715.9998055743,6.4671567276,202.6787840266,2.5000000000
2,31.3917749899,invalid,3,48,0,0,9016.0831721918,6.4671567276,202.6787840266,2.5000000000
2,31.4417749899,invalid,3,48,0,0,9031.0644086328,6.4671567276,202.6787840266,2.5000000000
2,31.4917749899,invalid,3,48,0,0,9046.0456602503,6.4671567276,202.6787840266,2.5000000000
2,31.5417749899,invalid,3,48,0,0,9061.0269269691,6.4671567276,202.6787840266,2.5000000000
2,31.5917749899,invalid,3,48,0,0,9076.0082087144,6.4671567276,202.6787840266,2.5000000000
2,31.6417749899,invalid,3,48,0,0,9090.9895054120,6.4671567276,202.6787840266,2.5000000000
2,31.6917749899,invalid,3,48,0,0,9105.9708169880,6.4671567276,202.6787840266,2.5000000000
2,31.7417749899,invalid,3,48,0,0,9120.9521433690,6.4671567276,202.6787840266,2.5000000000
2,31.7917749899,invalid,3,48,0,0,9135.9334844824,6.4671567276,202.6787840266,2.5000000000
2,31.8417749899,invalid,3,48,0,0,9150.9148402557,6.4671567276,202.6787840266,2.5000000000
2,31.8917749899,invalid,3,48,0,0,9165.8962106170,6.4671567276,202.6787840266,2.5000000000
2,31.9417749899,invalid,3,48,0,0,9180.8775954950,6.4671567276,202.6787840266,2.5000000000
2,31.9917749899,invalid,3,48,0,0,9195.8589948186,6.4671567276,202.6787840266,2.5000000000
2,32.0417749899,invalid,3,48,0,0,9210.8404085175,6.4671567276,202.6787840266,2.5000000000
2,32.0917749899,invalid,3,48,0,0,9225.8218365214,6.4671567276,202.6787840266,2.5000000000
2,32.1417749899,invalid,3,48,0,0,9240.8032787610,6.4671567276,202.6787840266,2.5000000000
2,32.1917749899,invalid,3,48,0,0,9255.7847351670,6.4671567276,202.6787840266,2.5000000000
2,32.2417749899,invalid,3,48,0,0,9270.7662056708,6.4671567276,202.6787840266,2.5000000000
2,32.2917749899,invalid,3,48,0,0,9285.7476902042,6.4671567276,202.6787840266,2.5000000000
2,32.3417749899,invalid,3,48,0,0,9300.7291886993,6.4671567276,202.6787840266,2.5000000000
2,32.3917749899,invalid,3,48,0,0,9315.7107010888,6.4671567276,202.6787840266,2.5000000000
2,32.4417749899,invalid,3,48,0,0,9330.6922273057,6.4671567276,202.6787840266,2.5000000000
2,32.4917749899,invalid,3,48,0,0,9345.6737672836,6.4671567276,202.6787840266,2.5000000000
2,32.5417749899,invalid,3,48,0,0,9360.6553209564,6.4671567276,202.6787840266,2.5000000000
2,32.5917749899,invalid,3,48,0,0,9375.6368882585,6.4671567276,202.6787840266,2.5000000000
2,32.6417749899,invalid,3,48,0,0,9390.6184691245,6.4671567276,202.6787840266,2.5000000000
2,32.6917749899,invalid,3,48,0,0,9405.6000634898,6.4671567276,202.6787840266,2.5000000000
2,32.7417749899,invalid,3,48,0,0,9420.5816712898,6.4671567276,202.6787840266,2.5000000000
2,32.7917749899,invalid,3,48,0,0,9435.5632924606,6.4671567276,202.6787840266,2.5000000000
2,32.8417749899,invalid,3,48,0,0,9450.5449269387,6.4671567276,202.6787840266,2.5000000000
2,32.8917749899,invalid,3,48,0,0,9465.5265746607,6.4671567276,202.6787840266,2.5000000000
2,32.9417749899,invalid,3,48,0,0,9480.5082355640,6.4671567276,202.6787840266,2.5000000000
2,32.9917749899,invalid,3,48,0,0,9495.4899095862,6.4671567276,202.6787840266,2.5000000000
2,33.0417749899,invalid,3,48,0,0,9510.4715966651,6.4671567276,202.6787840266,2.5000000000
2,33.0917749899,invalid,3,48,0,0,9525.4532967394,6.4671567276,202.6787840266,2.5000000000
2,33.1417749899,invalid,3,48,0,0,9540.4350097476,6.4671567276,202.6787840266,2.5000000000
2,33.1917749899,invalid,3,48,0,0,9555.4167356290,6.4671567276,202.6787840266,2.5000000000
2,33.2417749899,invalid,3,48,0,0,9570.3984743232,6.4671567276,202.6787840266,2.5000000000
2,33.2917749899,invalid,3,48,0,0,9585.3802257699,6.4671567276,202.6787840266,2.5000000000
2,33.3417749899,invalid,3,48,0,0,9600.3619899097,6.4671567276,202.6787840266,2.5000000000
2,33.3917749899,invalid,3,48,0,0,9615.3437666830,6.4671567276,202.6787840266,2.5000000000
2,33.4417749899,invalid,3,48,0,0,9630.3255560310,6.4671567276,202.6787840266,2.5000000000
2,33.4917749899,invalid,3,48,0,0,9645.3073578951,6.4671567276,202.6787840266,2.5000000000
2,33.5417749899,invalid,3,48,0,0,9660.2891722169,6.4671567276,202.6787840266,2.5000000000
2,33.5868000513,invalid,3,48,0,0,9673.7803250027,6.4671567276,202.6787840266,2.5000000000
